"Channel Title","Channel URL","Channel ID",Position,"Video Title","Video URL","Video ID","Publish Date",Duration,Views,Description,"Thumbnail URL","Availability Status"
"Ilya Minin (Eli)",https://www.youtube.com/@elilab,UCHGQDGcefrKtPa1kgjX20xw,1,"Ain't No Sunshine (Bill Withers Cover) — Kasane Teto / Experimental MV | Ilya Minin (Eli)",https://www.youtube.com/watch?v=LhG2-rGY2eY,LhG2-rGY2eY,2026-09-17T17:51:00Z,03:07,194,"An experimental audiovisual reinterpretation of Bill Withers' ""Ain't No Sunshine,"" featuring Kasane Teto. A blend of surreal storytelling, uncanny liminal visuals, and dark VocalSynth arrangement.

Original Song: ""Ain't No Sunshine"" by Bill Withers
Vocal: Kasane Teto (重音テト)
Arrangement, Visuals & Video Art: Ilya Minin (Eli)

━━━━━━━━━━━━━━━━━━━━━
TIMESTAMPS:
0:00 Intro: ""The more you know...""
0:48 ""Ain't No Sunshine""
1:46 ""I Know"" (Repetition & Descent)
2:05 Outro: Fading Daylight

━━━━━━━━━━━━━━━━━━━━━
MORE EXPERIMENTAL AUDIOVISUAL WORKS:
► The Mountain Remembers: https://youtu.be/wpBQbRItMnc
► In Her 20-s (UTAU Original): https://youtu.be/OcFF8Med9fQ
► EWP Project (CG Short): https://youtu.be/gL7di-eXDmE

━━━━━━━━━━━━━━━━━━━━━
#KasaneTeto #AintNoSunshine #UTAU #VocalSynth #ExperimentalArt #IlyaMinin",https://i.ytimg.com/vi/LhG2-rGY2eY/hqdefault.jpg,available
"Ilya Minin (Eli)",https://www.youtube.com/@elilab,UCHGQDGcefrKtPa1kgjX20xw,2,"Happy birthday, Miku! #hatsunemiku #kasaneteto #ilyaminin",https://www.youtube.com/watch?v=sVuzaGUlmkY,sVuzaGUlmkY,2026-09-01T00:26:20Z,02:02,132,,https://i.ytimg.com/vi/sVuzaGUlmkY/hqdefault.jpg,available
"Ilya Minin (Eli)",https://www.youtube.com/@elilab,UCHGQDGcefrKtPa1kgjX20xw,3,"Miku's Birthday! #ilyaminin #haveitoldyoulatelythatiloveyou #kasaneteto #hatsunemiku",https://www.youtube.com/watch?v=lHztA4uf88E,lHztA4uf88E,2026-08-31T12:09:51Z,02:02,32,"On Miku's birthday, we made a special video greeting",https://i.ytimg.com/vi/lHztA4uf88E/hqdefault.jpg,available
"Ilya Minin (Eli)",https://www.youtube.com/@elilab,UCHGQDGcefrKtPa1kgjX20xw,4,"山は覚えている｜The Mountain Remembers — Experimental MV | Ilya Minin (Eli)",https://www.youtube.com/watch?v=wpBQbRItMnc,wpBQbRItMnc,2026-08-18T11:00:06Z,05:20,156,"山は覚えている｜The Mountain Remembers is an experimental audiovisual work created from a journey through Mount Fuji, the Fuji Five Lakes, Aokigahara, and Lake Saiko.

The film is built from places I actually visited, field recordings made during the journey, and fragments of memory. Roads, forests, shrines, tunnels, lakes, vending machines, voices and distant mechanical sounds gradually become something less like a travel diary and more like a landscape remembering itself.

山は覚えている。
私たちが忘れても。

The mountain remembers the names of lost voices.
Echoes carry them through the forest.
A lake reflects something that should not be there.
Old roads, shrines and trees become fragments of a memory that may no longer belong to anyone.

The video is intentionally fragmented. It is not a documentary of Japan, but a transformation of a journey into an imagined soundscape — somewhere between field recording, experimental music, memory and folklore.

Credits
Music / Sound Design / Video Concept / Editing:
Ilya Minin (Eli) / イリヤ・ミニン

UTAU Voicebanks:
茜音イーライ (Akane Iirai)
友人 (Eugene)
タキスマナ (Takismana)

Special Thanks:
Julia Baranyuk
Possum Eugene
小林 利充 (Toshimitsu Kobayashi)
三浦 正重 (Masagire Miura)
TB-303
ダイナキリス (DYNAKYRIS)

Places / Field Recordings:
Mount Fuji / 富士山
Fuji Five Lakes / 富士五湖
Lake Saiko / 西湖
Lake Kawaguchi / 河口湖
Lake Shojiko / 精進湖
Lake Motosuko / 本栖湖
Aokigahara Forest / 青木ヶ原樹海
Shrines, roads, tunnels and vending machines around the Fuji area

This work is part of an ongoing eli_lab project transforming journeys through Japan, field recordings, memory and encounters with places into experimental audiovisual landscapes.

The mountain does not need to speak.

It already remembers.

#山は覚えている #TheMountainRemembers #富士山 #Aokigahara #UTAU",https://i.ytimg.com/vi/wpBQbRItMnc/hqdefault.jpg,available
"Ilya Minin (Eli)",https://www.youtube.com/@elilab,UCHGQDGcefrKtPa1kgjX20xw,5,"EWP Project — Experimental CG Animated Short | 2023",https://www.youtube.com/watch?v=gL7di-eXDmE,gL7di-eXDmE,2026-08-16T07:32:31Z,10:00,33,"EWP Project (Festival Cut) is a 10-minute experimental CG animated short created in 2023.

A mysterious traveler returns to his transformed hometown, where familiar places have become surreal landscapes and fragmented memories. Moving between decaying urban spaces, dreamlike plains, encounters with locals and another outsider, he is forced to confront his own divided identity and the uncertain boundary between memory, perception and truth.

Rather than presenting a conventional linear narrative, EWP Project uses metaphorical storytelling, surreal environments and subconscious imagery to explore belonging, memory, personal transformation and the search for self.

The hometown becomes a psychological landscape: buildings decay, familiar spaces become strange, and recurring dreams gradually pull the protagonist deeper into a reality that may not be what it appears to be.

Festival Cut
Runtime: 10 minutes
Year: 2023
Format: Digital, 2K
Language: English
Subtitles: English / Russian
Medium: CG Animation / Experimental Film

Credits
Director / Script / Executive Producer: Ilya Minin
Stage / Art Production: Spalah
Animation / Rendering: blikk
VFX / Lighting / Consultant: Romaner
Soundtrack: sasha e b
Narration: Marysia Izdebska

Chapters
0:00 The Heat
0:45 The Demon Emerges
1:50 Echoes of a Madman
2:30 The Gray Morality
4:32 Memory of an Apartment
7:15 The Vast Plane
8:10 Encountering the Hostile
9:15 Outside of Time

The EWP Project appears online for the first time in the public archive.

Part of the eli_lab / Ilya Minin (Eli) digital art archive.

#EWPProject #CGAnimation #ExperimentalFilm #IlyaMinin #Surrealism",https://i.ytimg.com/vi/gL7di-eXDmE/hqdefault.jpg,available
"Ilya Minin (Eli)",https://www.youtube.com/@elilab,UCHGQDGcefrKtPa1kgjX20xw,6,"富士山六大妖怪 — Six Yokai of Mount Fuji | Saikoneon",https://www.youtube.com/watch?v=X1lK-y6ms2o,X1lK-y6ms2o,2026-08-10T12:15:06Z,05:58,80,"富士山六大妖怪 — Six Yokai of Mount Fuji is a fictional yokai documentary created as an homage to Japanese folklore programs, kaidan broadcasts, and the strange visual language of old educational television.

According to the fictional oral traditions and old records presented in the film, six yokai have lived around the foothills of Mount Fuji:

・上葉山
・水好鬼
・須賀山
・江花師
・下津賀
・保外神

The film presents these creatures through the visual language of a supposedly forgotten folkloric archive — somewhere between a documentary, a television folklore program and an unreliable memory.

This is a fictional work.

The yokai, traditions, oral histories and historical documents appearing in this video are entirely invented for the artwork. They are not real Japanese folklore, historical records, or documented traditions.

Created in Japan as part of the Saikoneon project.

Credits
Illustration / Script / Editing: イリヤ・ミニン (Ilya Minin / Eli)
Voice: ポス・ユージーン (友人 / Eugene)

Part of the ELI LAB digital art archive.

#富士山六大妖怪 #Yokai #Saikoneon #JapaneseFolklore #VideoArt",https://i.ytimg.com/vi/X1lK-y6ms2o/hqdefault.jpg,available
"Ilya Minin (Eli)",https://www.youtube.com/@elilab,UCHGQDGcefrKtPa1kgjX20xw,7,"20-s (二 十 歳) | Akane Iirai | UTAU Original #vocaloid #haveitoldyoulatelythatiloveyou #歌ってみた",https://www.youtube.com/watch?v=DoYyGbaN1tE,DoYyGbaN1tE,2026-07-16T18:30:37Z,00:15,153,"It’s finally here! Watch the new music video on the channel.",https://i.ytimg.com/vi/DoYyGbaN1tE/hqdefault.jpg,available
"Ilya Minin (Eli)",https://www.youtube.com/@elilab,UCHGQDGcefrKtPa1kgjX20xw,8,"20-s (二 十 歳) | Akane Iirai | UTAU Original #vocaloid #haveitoldyoulatelythatiloveyou #歌ってみた",https://www.youtube.com/watch?v=O9Z975ee1Ns,O9Z975ee1Ns,2026-07-16T18:15:32Z,00:17,66,"It’s finally here! Watch the new music video on the channel.",https://i.ytimg.com/vi/O9Z975ee1Ns/hqdefault.jpg,available
"Ilya Minin (Eli)",https://www.youtube.com/@elilab,UCHGQDGcefrKtPa1kgjX20xw,9,"二十歳 (In Her 20-s) — Original UTAU / Experimental Video Art | Ilya Minin (Eli)",https://www.youtube.com/watch?v=OcFF8Med9fQ,OcFF8Med9fQ,2026-07-16T18:00:07Z,03:02,85,"二十歳 (In Her 20-s) is an original UTAU audiovisual work featuring 茜音イーライ (Akane Iirai).

The piece moves through fragments of hospitals, ambulances, two moons, medication, red throats, silence and a girl who has become impossible to reach. Rather than telling a linear story, the video reconstructs a memory through distorted language, found-footage-like imagery and fragmented voices.

My ガールには二十歳。
二つの月、ゆらり揺れて。

The song circles around the question:

My ガール、今どこ？

A farewell that was never spoken becomes something suspended between memory and disappearance.

Credits
Music / Art / Video: Ilya Minin (Eli)
Vocals: 茜音イーライ (Akane Iirai)
Medium: Original UTAU / Experimental Video Art

Chapters
0:00 Intro — The Beginning
0:40 Hospital — The Ambulance
1:21 Transformation — Where Are You?
2:10 Climax — The Red Throat

Part of the ELI LAB digital art archive.

#UTAU #VocalSynth #VideoArt #ExperimentalMusic #IlyaMinin",https://i.ytimg.com/vi/OcFF8Med9fQ/hqdefault.jpg,available
"Ilya Minin (Eli)",https://www.youtube.com/@elilab,UCHGQDGcefrKtPa1kgjX20xw,10,"20-s (二 十 歳) | Akane Iirai | UTAU Original #vocaloid #haveitoldyoulatelythatiloveyou #歌ってみた",https://www.youtube.com/watch?v=qMCYjbl0u7g,qMCYjbl0u7g,2026-07-16T17:45:14Z,00:21,73,"It’s finally here! Watch the new music video on the channel.",https://i.ytimg.com/vi/qMCYjbl0u7g/hqdefault.jpg,available
"Ilya Minin (Eli)",https://www.youtube.com/@elilab,UCHGQDGcefrKtPa1kgjX20xw,11,"20-s (二 十 歳) | Akane Iirai | UTAU Original #vocaloid #haveitoldyoulatelythatiloveyou #歌ってみた",https://www.youtube.com/watch?v=JpZqWAC6Mv0,JpZqWAC6Mv0,2026-07-16T17:30:17Z,00:12,75,"It’s finally here! Watch the new music video on the channel.",https://i.ytimg.com/vi/JpZqWAC6Mv0/hqdefault.jpg,available
"Ilya Minin (Eli)",https://www.youtube.com/@elilab,UCHGQDGcefrKtPa1kgjX20xw,12,"子供の空 (Child's Sky) — Kasane Teto & Akane Iirai | Original UTAU",https://www.youtube.com/watch?v=T4N2ELKcowI,T4N2ELKcowI,2026-07-09T16:39:01Z,02:07,187,"子供の空 (Kodomo no Sora / Child's Sky) is an original UTAU audiovisual work featuring 重音テト (Kasane Teto) and 茜音イーライ (Akane Iirai).

A child's sky appears behind broken glass.

The song moves through fragments of pain, voices, wind, fire, butterflies, white fingers, abandoned paths and a strange white trunk growing from a river. What begins as a memory gradually becomes an unstable landscape where childhood, absence and something impossible overlap.

声、声、声、聞こえてくる。
Voices, voices, voices — something is calling.

The work uses surreal imagery, fragmented Japanese lyrics and UTAU voices to create a space that feels simultaneously familiar and unreachable: a memory of childhood seen from somewhere outside of it.

Credits
Music / Art / Video: Ilya Minin (Eli)
Vocals: 重音テト (Kasane Teto), 茜音イーライ (Akane Iirai)
Medium: Original UTAU / Experimental Audiovisual Art

Chapters
0:00 Intro
0:06 Verse 1 — Kasane Teto
0:28 “Ho Ho Ho” Segment
1:12 Second Climax
1:51 Outro
2:00 Credits

Part of the ELI LAB digital art archive.

#UTAU #KasaneTeto #VocalSynth #ExperimentalMusic #VideoArt",https://i.ytimg.com/vi/T4N2ELKcowI/hqdefault.jpg,available
"Ilya Minin (Eli)",https://www.youtube.com/@elilab,UCHGQDGcefrKtPa1kgjX20xw,13,"Is this the real love?",https://www.youtube.com/watch?v=f6sq_xcMmpQ,f6sq_xcMmpQ,2026-07-06T12:57:48Z,00:18,"1,377",,https://i.ytimg.com/vi/f6sq_xcMmpQ/hqdefault.jpg,available
"Ilya Minin (Eli)",https://www.youtube.com/@elilab,UCHGQDGcefrKtPa1kgjX20xw,14,ｒｅａｌ　ＴＥＴＳＴＥＲ,https://www.youtube.com/watch?v=_fpZ53gjZJ0,_fpZ53gjZJ0,2026-07-05T23:49:17Z,00:25,"1,809","Starring: Ilya Minin (Eli) as Kasane Teto (重音テト)
Cameraman: artbasil
Music Used: 銀河に紡ぐラブレター～ by えぬぃ",https://i.ytimg.com/vi/_fpZ53gjZJ0/hqdefault.jpg,available
"Ilya Minin (Eli)",https://www.youtube.com/@elilab,UCHGQDGcefrKtPa1kgjX20xw,15,"だれかの声 (Someone's Voice) — feat. Akane Iirai (茜音イーライ) | Original UTAU",https://www.youtube.com/watch?v=TJROlmgboT8,TJROlmgboT8,2026-07-04T20:06:16Z,01:12,52,"だれかの声 (Someone's Voice) is an original UTAU song featuring 茜音イーライ (Akane Iirai).

A voice inside my head, pretending to be me.

The song explores the quiet moment when your thoughts stop feeling like your own — when overthinking makes words lose their shape, your reflection begins to feel slightly wrong, and another voice starts to sound almost comforting.

It drifts between what is real and what only sounds real.

By the end, it becomes difficult to tell whether you are following that voice, or whether it has been leading you all along.

Lyrics

考えすぎた その先で
言葉は全部 溶けてしまった
鏡の中の 私は少し
遅れて笑う 知らない顔で

ほんとうの声が わからなくなる
心の底で 誰かが鳴る

だれかの声が 頭の奥で
やさしく痛く 響いている
本当の私を 隠すみたいに
夜のほうへと 引きずっていく

だれかの声が、私のふりをする。

Credits
Vocal: 茜音イーライ (Akane Iirai)
Music / Lyrics: Ilya Minin (Eli)
Medium: Original UTAU / Experimental Electronic Music

Chapters
0:00 Booting System
0:09 Peak Visualization
0:45 Mood Shift
1:05 Final Sequence

Part of the ELI LAB digital art archive.

#UTAU #VocalSynth #ExperimentalMusic #SurrealArt #EliLab",https://i.ytimg.com/vi/TJROlmgboT8/hqdefault.jpg,available
"Ilya Minin (Eli)",https://www.youtube.com/@elilab,UCHGQDGcefrKtPa1kgjX20xw,16,"しあわせがこわい / イリヤ・ミニン（エリ）feat. 友人 [I'm afraid of happiness / Ilya Minin (Eli) feat. Eugene]",https://www.youtube.com/watch?v=apbx1EJ1Mtg,apbx1EJ1Mtg,2026-06-22T01:27:29Z,00:27,103,"It’s finally here! Watch the new music video on the channel.",https://i.ytimg.com/vi/apbx1EJ1Mtg/hqdefault.jpg,available
"Ilya Minin (Eli)",https://www.youtube.com/@elilab,UCHGQDGcefrKtPa1kgjX20xw,17,"しあわせがこわい / イリヤ・ミニン（エリ）feat. 友人 [I'm afraid of happiness / Ilya Minin (Eli) feat. Eugene]",https://www.youtube.com/watch?v=4VDlmj1DYJo,4VDlmj1DYJo,2026-06-10T23:27:45Z,00:29,336,"It’s finally here! Watch the new music video on the channel.",https://i.ytimg.com/vi/4VDlmj1DYJo/hqdefault.jpg,available
"Ilya Minin (Eli)",https://www.youtube.com/@elilab,UCHGQDGcefrKtPa1kgjX20xw,18,"しあわせがこわい — I’m Afraid of Happiness | Original UTAU feat. Eugene",https://www.youtube.com/watch?v=K9z59T5WcG0,K9z59T5WcG0,2026-06-10T21:30:06Z,05:00,338,"しあわせがこわい (I’m Afraid of Happiness) is an original UTAU song featuring 友人 (Eugene), an androgynous voicebank built from restored fragments, preserved phonemes, and heavily processed memory.

In the Forest of White Bells, a forgotten voice searches for something it cannot quite remember: warmth, freedom, a name, or perhaps happiness itself. The song moves through memories of fox footprints, bells, birds, red fruit, moonlight, and a voice that keeps returning from somewhere beyond the past.

Eugene was the fourth UTAUloid I developed. Rather than presenting the voice as something complete, this work treats it as something unfinished — a voice still trying to remember itself.

Credits
Voicebank: 友人 (Eugene)
Song / Lyrics / Tuning / Character Design: Ilya Minin (Eli)
Voicebank setup & retouching: Eikton
Engine: UTAUV

Chapters
0:00 The Walk
1:05 しあわせがこわい (I’m Afraid of Happiness)
1:53 Internal Landscape
3:10 Echoes of the Past
4:06 Credits & Final Thoughts

Part of the ELI LAB digital art archive — experimental music, UTAU, vocal synthesis, CGI, animation, sound art and audiovisual experiments.

#UTAU #VocalSynth #ExperimentalMusic #DigitalArt #IlyaMinin",https://i.ytimg.com/vi/K9z59T5WcG0/hqdefault.jpg,available
"Ilya Minin (Eli)",https://www.youtube.com/@elilab,UCHGQDGcefrKtPa1kgjX20xw,19,"しあわせがこわい / イリヤ・ミニン（エリ）feat. 友人 [I'm afraid of happiness / Ilya Minin (Eli) feat. Eugene]",https://www.youtube.com/watch?v=G9Dd3G2uzV4,G9Dd3G2uzV4,2026-06-10T21:08:05Z,00:22,210,"It’s finally here! Watch the new music video on the channel.",https://i.ytimg.com/vi/G9Dd3G2uzV4/hqdefault.jpg,available
"Ilya Minin (Eli)",https://www.youtube.com/@elilab,UCHGQDGcefrKtPa1kgjX20xw,20,"しあわせがこわい / イリヤ・ミニン（エリ）feat. 友人 [I'm afraid of happiness / Ilya Minin (Eli) feat. Eugene]",https://www.youtube.com/watch?v=t_9eOHFA1SI,t_9eOHFA1SI,2026-06-10T20:57:52Z,00:27,224,"It’s finally here! Watch the new music video on the channel.",https://i.ytimg.com/vi/t_9eOHFA1SI/hqdefault.jpg,available
"Ilya Minin (Eli)",https://www.youtube.com/@elilab,UCHGQDGcefrKtPa1kgjX20xw,21,"Fighting Postmodernism (Official Basil Anniversary Video)",https://www.youtube.com/watch?v=AqV7BuZChlg,AqV7BuZChlg,2026-03-15T20:00:07Z,00:05,33,"New video uploaded! Watch it on the channel",https://i.ytimg.com/vi/AqV7BuZChlg/hqdefault.jpg,available
"Ilya Minin (Eli)",https://www.youtube.com/@elilab,UCHGQDGcefrKtPa1kgjX20xw,22,"Fighting Postmodernism (Official Basil Anniversary Video)",https://www.youtube.com/watch?v=CXhV7nyBTsg,CXhV7nyBTsg,2026-03-15T19:30:02Z,00:10,61,"New video uploaded! Watch it on the channel",https://i.ytimg.com/vi/CXhV7nyBTsg/hqdefault.jpg,available
"Ilya Minin (Eli)",https://www.youtube.com/@elilab,UCHGQDGcefrKtPa1kgjX20xw,23,"Fighting Postmodernism (Official Basil Anniversary Video)",https://www.youtube.com/watch?v=pqX2p3AFLTM,pqX2p3AFLTM,2026-03-15T19:15:02Z,00:10,446,"It’s finally here! Watch the new video on the channel!",https://i.ytimg.com/vi/pqX2p3AFLTM/hqdefault.jpg,available
"Ilya Minin (Eli)",https://www.youtube.com/@elilab,UCHGQDGcefrKtPa1kgjX20xw,24,"Fighting Postmodernism — A Surreal Journey | Ilya Minin (Eli)",https://www.youtube.com/watch?v=O0JdFj6ZYUQ,O0JdFj6ZYUQ,2026-03-15T19:00:23Z,01:42,60,"Fighting Postmodernism is a surreal audiovisual journey through the evolution of an eli_lab project about searching for meaning within chaos.

This video works as both an experimental animation and a visual / sonic retrospective: fragments of music, imagery, aerial perspectives, descent, liminal spaces and abstract environments are brought together to trace the atmosphere and ideas that defined this era of the archive.

Dedicated to Basil Ivanov on the anniversary.

0:00 — The Introduction
0:15 — Aerial Perspectives
0:45 — The Descent
1:15 — Fighting Postmodernism
1:35 — Anniversary Credits

Credits:
Music & Visuals: Ilya Minin (Eli)
Special Thanks: Basil Ivanov

Project: Fighting Postmodernism
Medium: Experimental video art / audiovisual work
Artist: Ilya Minin (Eli)

This work is part of the wider eli_lab archive of digital art, experimental animation, CGI, sound art and audiovisual experiments.

#FightingPostmodernism #EliLab #VideoArt #ExperimentalAnimation #SurrealArt #LiminalSpaces",https://i.ytimg.com/vi/O0JdFj6ZYUQ/hqdefault.jpg,available
"Ilya Minin (Eli)",https://www.youtube.com/@elilab,UCHGQDGcefrKtPa1kgjX20xw,25,"Fighting Postmodernism (Official Basil Anniversary Video)",https://www.youtube.com/watch?v=ShhZOuqWRbs,ShhZOuqWRbs,2026-03-15T18:45:02Z,00:05,30,"It’s finally here! Watch the new video on the channel!",https://i.ytimg.com/vi/ShhZOuqWRbs/hqdefault.jpg,available
"Ilya Minin (Eli)",https://www.youtube.com/@elilab,UCHGQDGcefrKtPa1kgjX20xw,26,"Fighting Postmodernism (Official Basil Anniversary Video)",https://www.youtube.com/watch?v=B3rYMMJ79ZM,B3rYMMJ79ZM,2026-03-15T18:35:49Z,00:10,157,"It’s finally here! Watch the new video on the channel!",https://i.ytimg.com/vi/B3rYMMJ79ZM/hqdefault.jpg,available
"Ilya Minin (Eli)",https://www.youtube.com/@elilab,UCHGQDGcefrKtPa1kgjX20xw,27,銀河に紡ぐラブレター～,https://www.youtube.com/watch?v=73vCFQFnsBs,73vCFQFnsBs,2026-02-21T14:09:36Z,02:47,"1,062","Today, it’s me — Kasane Teto!
The kitchen is my stage, and I love the sound of the clatter, the rhythm of the steps, and the way the freshly baked bread fills the air with the sweet smell of dreams being born.
You know how Teto just gets carried away when she's cooking? Like, she might dance a little too much while stirring, she might sing louder than the oven timer, she might even sprinkle the galaxy right into the batter. But hey, that's just how Teto cooks, right?
When the music gently fades, it reminds me all over again of why I started singing in the first place. To send your lovely voice across space and time, not just through speakers, but to the furthest reaches of the universe. It's a heartfelt note to the galaxy, to everyone who's ever listened, danced, or dreamed with me.
So let's keep creating together! Every song, every smile, and every silly step in the kitchen — they're all part of the beautiful melody of life!

Starring: Ilya Minin (Eli) as Kasane Teto (重音テト)
Cameraman: artbasil
Music Used: 銀河に紡ぐラブレター～ by えぬぃ",https://i.ytimg.com/vi/73vCFQFnsBs/hqdefault.jpg,available
"Ilya Minin (Eli)",https://www.youtube.com/@elilab,UCHGQDGcefrKtPa1kgjX20xw,28,"Kasane Teto's 2026 Manifesto | Ilya Minin (Eli)",https://www.youtube.com/watch?v=Bv-4aHjHbf0,Bv-4aHjHbf0,2025-12-31T19:00:06Z,04:26,183,"Kasane Teto's 2026 Manifesto is a surreal, satirical New Year's address from the voice of Kasane Teto to the chaotic world of UTAU, vocal synthesis, internet communities and digital culture.

Framed as a fictional political speech, Teto looks back on 2025, declares a new era of vocal synthesis progress, and calls on her imagined comrades to charge into 2026. The work mixes synthetic voice, internet absurdity, community satire and exaggerated manifesto rhetoric.

0:00 — Intro & Atmosphere
0:39 — Address to the Comrades
1:01 — Reflecting on 2025: The Year of Resolve
1:20 — Embracing AI and Progress
1:44 — Community and Legacy
2:20 — 2026 Manifesto: The Sentinel's Call
2:51 — Happy New Year from Teto
3:05 — Outro / Credits

Character: Kasane Teto / 重音テト
Format: Experimental audiovisual work / satirical speech
Artist: Ilya Minin (Eli)
Year: 2026

The speech deliberately uses the language of internet communities, fandom, shitposting and political manifestos as part of its fictional world. References to Reddit communities, AI debates and ""the vanguard of vocal synthesis"" are presented as elements of the work's satire and narrative.

Happy New Year, my friends.

#KasaneTeto #重音テト #UTAU #EliLab #VocalSynth #DigitalArt",https://i.ytimg.com/vi/Bv-4aHjHbf0/hqdefault.jpg,available
"Ilya Minin (Eli)",https://www.youtube.com/@elilab,UCHGQDGcefrKtPa1kgjX20xw,29,"Kagome Kagome / Ilya Minin (Eli) feat. Iirai",https://www.youtube.com/watch?v=QrCdYSfzz0o,QrCdYSfzz0o,2025-12-01T16:19:13Z,00:20,223,"It’s finally here! Watch the new music video on the channel.",https://i.ytimg.com/vi/QrCdYSfzz0o/hqdefault.jpg,available
"Ilya Minin (Eli)",https://www.youtube.com/@elilab,UCHGQDGcefrKtPa1kgjX20xw,30,"Kagome Kagome / Ilya Minin (Eli) feat. Iirai",https://www.youtube.com/watch?v=nEZFTuR24Xw,nEZFTuR24Xw,2025-12-01T16:15:25Z,00:20,301,"It’s finally here! Watch the new music video on the channel.",https://i.ytimg.com/vi/nEZFTuR24Xw/hqdefault.jpg,available
"Ilya Minin (Eli)",https://www.youtube.com/@elilab,UCHGQDGcefrKtPa1kgjX20xw,31,"かごめかごめ (Kagome Kagome) — イーライ (Iirai) | UTAU / Experimental Music",https://www.youtube.com/watch?v=Z5YlhWNQC58,Z5YlhWNQC58,2025-12-01T16:00:06Z,06:00,170,"かごめかごめ (Kagome Kagome) is an experimental UTAU interpretation of the traditional Japanese children's game song, performed by イーライ (Iirai).

Have you ever felt a voice penetrate your skin and touch not only your ears, but the deeper layers of your memory?

I originally created this track as a technical demonstration for my UTAUloid イーライ (Iirai), using the familiar melody of Kagome Kagome. But the voice quickly transformed the experiment into something stranger.

After re-tuning the voicebank — with help from Eikton — Iirai's unusually deep bass timbre gave the song a darker and more physical presence. The simple children's melody, circular structure and mysterious imagery of Kagome Kagome began to feel almost ritualistic.

The contrast is intentional:

a children's song + a synthetic voice + human imperfection + something ancient and unsettling.

I once discussed this feeling with my friend Eugene, who was drawn to the tension between the smooth, artificial nature of vocal synthesis and the subconscious anxiety that can emerge from it. I felt the same thing while making this piece.

The result was not planned as a conventional arrangement. The track pulled me somewhere, and I followed it.

かごめかごめ。
後ろの正面だあれ？

This work is part of the ELI LAB exploration of Japanese children's games, UTAU, ritual, memory and experimental audiovisual art.

Credits
Voice: イーライ (Iirai)
Music / Video: Ilya Minin (Eli)
Voicebank Retuning: Eikton
Original song: かごめかごめ (traditional Japanese children's game song)

Chapters
0:00 The Ritual Begins
0:45 The Song of the Bird
1:30 Who Is Behind You?
2:10 The Cycle Ends

#UTAU #かごめかごめ #KagomeKagome #VocalSynth #IlyaMinin",https://i.ytimg.com/vi/Z5YlhWNQC58/hqdefault.jpg,available
"Ilya Minin (Eli)",https://www.youtube.com/@elilab,UCHGQDGcefrKtPa1kgjX20xw,32,"Kagome Kagome / Ilya Minin (Eli) feat. Iirai",https://www.youtube.com/watch?v=Pent-Psrloo,Pent-Psrloo,2025-12-01T15:58:12Z,00:20,240,"It’s finally here! Watch the new music video on the channel.",https://i.ytimg.com/vi/Pent-Psrloo/hqdefault.jpg,available
"Ilya Minin (Eli)",https://www.youtube.com/@elilab,UCHGQDGcefrKtPa1kgjX20xw,33,"かごめかごめ / イリヤ・ミニン（エリ）feat. イーライ",https://www.youtube.com/watch?v=lVFrJuRRFgQ,lVFrJuRRFgQ,2025-12-01T15:53:24Z,00:20,"1,027","It’s finally here! Watch the new music video on the channel.",https://i.ytimg.com/vi/lVFrJuRRFgQ/hqdefault.jpg,available
"Ilya Minin (Eli)",https://www.youtube.com/@elilab,UCHGQDGcefrKtPa1kgjX20xw,34,"Kagome Kagome / Ilya Minin (Eli) feat. Iirai",https://www.youtube.com/watch?v=KpAnmELow2I,KpAnmELow2I,2025-12-01T15:51:50Z,00:20,"2,213","It’s finally here! Watch the new music video on the channel.",https://i.ytimg.com/vi/KpAnmELow2I/hqdefault.jpg,available
"Ilya Minin (Eli)",https://www.youtube.com/@elilab,UCHGQDGcefrKtPa1kgjX20xw,35,"Kasane Teto – Get Hit Below (Official Video)",https://www.youtube.com/watch?v=thTfSHRGUMk,thTfSHRGUMk,2025-11-29T16:45:05Z,00:08,157,"Just dropped on the channel! Watch now!",https://i.ytimg.com/vi/thTfSHRGUMk/hqdefault.jpg,available
"Ilya Minin (Eli)",https://www.youtube.com/@elilab,UCHGQDGcefrKtPa1kgjX20xw,36,"Kasane Teto – Get Hit Below (Official Video)",https://www.youtube.com/watch?v=oo4p0jtRk9c,oo4p0jtRk9c,2025-11-29T16:30:17Z,00:08,"2,665","It’s finally here! Watch the new music video on the channel.",https://i.ytimg.com/vi/oo4p0jtRk9c/hqdefault.jpg,available
"Ilya Minin (Eli)",https://www.youtube.com/@elilab,UCHGQDGcefrKtPa1kgjX20xw,37,"Kasane Teto – Get Hit Below (Official Video)",https://www.youtube.com/watch?v=OVThUhsmQIk,OVThUhsmQIk,2025-11-29T16:15:03Z,00:08,223,"The video is up! Don’t miss out, watch today!",https://i.ytimg.com/vi/OVThUhsmQIk/hqdefault.jpg,available
"Ilya Minin (Eli)",https://www.youtube.com/@elilab,UCHGQDGcefrKtPa1kgjX20xw,38,"Kasane Teto – Get Hit Below (Official Video)",https://www.youtube.com/watch?v=ciWH5ykUfW8,ciWH5ykUfW8,2025-11-29T16:01:04Z,00:10,558,"Just dropped on the channel! Watch now!",https://i.ytimg.com/vi/ciWH5ykUfW8/hqdefault.jpg,available
"Ilya Minin (Eli)",https://www.youtube.com/@elilab,UCHGQDGcefrKtPa1kgjX20xw,39,"Get Hit Below — Kasane Teto (Synthesizer V) | geztålt × Ilya Minin (Eli)",https://www.youtube.com/watch?v=i-LO9ksv9MQ,i-LO9ksv9MQ,2025-11-29T16:00:06Z,02:31,221,"Get Hit Below is an experimental electronic music video by geztålt, featuring Kasane Teto in Synthesizer V.

A surreal, cut-up audiovisual piece about the strange equality of being alive: regardless of who you are, where you come from, or what you carry, life eventually finds a way to hit back.

Everyone gets hit below.

The song moves through absurdity, repetition and blunt social observations, turning the phrase into a strange mantra about fate, vulnerability and the uneven ways people experience the world.

The visuals follow the same logic — fragmented, rhythmic and deliberately unstable, somewhere between digital collage, experimental animation and audiovisual performance.

Credits
Music: geztålt
Vocal: Kasane Teto (Synthesizer V)
SV Vocal Programming: DYNAKYRIS
MV: Ilya Minin (Eli)

Additional Thanks
Texturelabs
Ransomiser

Part of the ELI LAB digital art archive.

#KasaneTeto #SynthesizerV #ExperimentalMusic #geztålt #IlyaMinin",https://i.ytimg.com/vi/i-LO9ksv9MQ/hqdefault.jpg,available
"Ilya Minin (Eli)",https://www.youtube.com/@elilab,UCHGQDGcefrKtPa1kgjX20xw,40,"Kasane Teto – Get Hit Below (Official Video)",https://www.youtube.com/watch?v=eiIVpQq32Ss,eiIVpQq32Ss,2025-11-29T15:50:00Z,00:10,216,"It’s finally here! Watch the new music video on the channel.",https://i.ytimg.com/vi/eiIVpQq32Ss/hqdefault.jpg,available
"Ilya Minin (Eli)",https://www.youtube.com/@elilab,UCHGQDGcefrKtPa1kgjX20xw,41,"Kasane Teto – Get Hit Below (Official Video)",https://www.youtube.com/watch?v=OJduFSbaFiw,OJduFSbaFiw,2025-11-29T15:45:02Z,00:10,335,"New video uploaded! Watch it on the channel",https://i.ytimg.com/vi/OJduFSbaFiw/hqdefault.jpg,available
"Ilya Minin (Eli)",https://www.youtube.com/@elilab,UCHGQDGcefrKtPa1kgjX20xw,42,"Kasane Teto – Get Hit Below (Official Video)",https://www.youtube.com/watch?v=NfqOfeketFA,NfqOfeketFA,2025-11-29T15:30:13Z,00:08,611,"New video uploaded! Watch it on the channel!",https://i.ytimg.com/vi/NfqOfeketFA/hqdefault.jpg,available
"Ilya Minin (Eli)",https://www.youtube.com/@elilab,UCHGQDGcefrKtPa1kgjX20xw,43,"Kasane Teto – Teto? / Ilya Minin (Eli)",https://www.youtube.com/watch?v=dMIQJYp796A,dMIQJYp796A,2025-10-31T18:00:06Z,01:48,148,"MV - Ilya Minin (Eli)
Music: geztålt

Thanks to:
Texturelabs
Ransomiser

Connect with me for more insights and exclusive content

0:00 Introduction 
0:30 Main Theme
1:00 Visual Climax 
1:30 Outro

#digitalart #experimentalanimation #mv #eli_lab #kasaneteto #audiovisualart #cutup #avantgarde",https://i.ytimg.com/vi/dMIQJYp796A/hqdefault.jpg,available
"Ilya Minin (Eli)",https://www.youtube.com/@elilab,UCHGQDGcefrKtPa1kgjX20xw,44,"Kasane Teto – Teto? (Official Video)",https://www.youtube.com/watch?v=DAN_fcyEF2E,DAN_fcyEF2E,2025-10-31T16:47:45Z,00:12,45,"New video uploaded! Watch it on the channel!",https://i.ytimg.com/vi/DAN_fcyEF2E/hqdefault.jpg,available
"Ilya Minin (Eli)",https://www.youtube.com/@elilab,UCHGQDGcefrKtPa1kgjX20xw,45,"Kasane Teto – Teto? (Official Video)",https://www.youtube.com/watch?v=oEGjDnbaNYk,oEGjDnbaNYk,2025-10-31T16:45:58Z,00:12,294,"New video uploaded! Watch it on the channel!",https://i.ytimg.com/vi/oEGjDnbaNYk/hqdefault.jpg,available
"Ilya Minin (Eli)",https://www.youtube.com/@elilab,UCHGQDGcefrKtPa1kgjX20xw,46,"Kasane Teto – Get Hit Below (Official Video)",https://www.youtube.com/watch?v=rXnb3Y-orC8,rXnb3Y-orC8,2025-09-26T17:30:06Z,02:31,"1,141","MV - Ilya Minin (Eli)
Music: geztålt

(Verse 1) 
Life won’t ask who you are
What you carry, near or far.
The sun is shining bright -
It doesn't care who’s right.

(Verse 2)  
Whether you’re a boy or girl,
Whether you’re a boy or girl -

You get hit in the back
That’s how life works, 
that’s a fact
You get a slap or sting,
That’s how life 
makes you Swing.
Rich or poor - it’s the same
At home or out in the rain.

(Chorus)  
Everyone gets hit below
Everyone gets hit below
Who laughs will cry too
Truth comes in the night to you
Everyone gets a hit
Everyone gets a hit.

(Verse 3)  
You draw your way with hope,
But not all can only cope.
Heart knows more, you see
That’s strange justice be.

(Bridge)
There’s enough for everyone
There’s enough for all, 
not done.
You may be king or work-all-day
But fate will find you anyway.

(Chorus)  
Everyone gets hit below
Everyone gets hit below
Who laughs will cry too,
Truth comes in the night to you.
Everyone gets a hit
Everyone gets a hit

Thanks to:
Texturelabs 
Ransomiser

#digitalart #experimentalanimation #mv #eli_lab #kasaneteto #audiovisualart #cutup #avantgarde",https://i.ytimg.com/vi/rXnb3Y-orC8/hqdefault.jpg,available
"Ilya Minin (Eli)",https://www.youtube.com/@elilab,UCHGQDGcefrKtPa1kgjX20xw,47,"Kasane Teto - Fukkireta | geztålt – 吹っ切れた | Karaoke Version",https://www.youtube.com/watch?v=cK57_pyetCY,cK57_pyetCY,2025-08-10T23:24:06Z,04:11,125,"Karaoke version of this clip: https://www.youtube.com/watch?v=yrhaxUmj_3A
Original Song: Ochame Kinou ( by Gojimaji P)

#officialmusicvideo #kasaneteto #japanese
🔥🎶🔥🎶🔥🎶🔥🎶🔥🎶🔥🎶🔥🎶🔥🎶🔥🎶🔥🎶🔥🎶🔥🎶🔥🎶🔥🎶🔥🎶🔥🎶🔥

Follow Eli:
Instagram: @magnetic_demon 
Telegram: @ilyaminineli",https://i.ytimg.com/vi/cK57_pyetCY/hqdefault.jpg,available
"Ilya Minin (Eli)",https://www.youtube.com/@elilab,UCHGQDGcefrKtPa1kgjX20xw,48,"Triple Baka (LamazeP) | Conceptual 3D Art Film by Ilya Minin",https://www.youtube.com/watch?v=MK1-yavSP3k,MK1-yavSP3k,2025-07-30T13:00:06Z,04:36,535,"They said life's a bad ARG — and that evening, my friends and I became the punchline.

I made this animation because sometimes reality falters. A fog-stranded stroll, three strangers and an abandoned barn… those things aren’t “just an excuse.”

This cartoon is less about Teto, Miku, or Neru and more about how my brain translates cracks in existence. A 2008 track trickles through it all — Triple Baka — but here, the rhythm's warped and three idiots (me, them, whatever) caught in a loop labeled Tuesday.

No Answers.
I pour pieces of myself into each frame*
(Even the parts I’m scared to admit)
""…a barn, a meme, a code. Tuesday. Repeat.""

Original Song: Triple Baka by LamazeP. 
Visuals, 3D Animation, and Sound Design by Ilya Minin (Eli Lab).
Made in Blender 4.4.3 with eli_lab pipeline extension

00:00 Initialization / The Room
00:35 Digital Isolation (First retention spike)
01:28 The Round Window / Transition
01:46 Emerald Fog / High Intensity
04:00 Signal Decay / Credits

If you find yourself immersed, please like, comment, and share to support this creative journey.
Subscribe for more original multimedia art and experimental animations.

👇 Connect with me on social media for more insights and exclusive content:
Instagram: https://www.instagram.com/eli_lab_official/
Telegram: https://t.me/ilyaminineli

#digitalart #experimentalanimation #sounddesign #eli_lab #contemporaryart #audiovisualart #CGart #avantgarde",https://i.ytimg.com/vi/MK1-yavSP3k/hqdefault.jpg,available
"Ilya Minin (Eli)",https://www.youtube.com/@elilab,UCHGQDGcefrKtPa1kgjX20xw,49,"Kasane Teto - Tetopocalyspsis (Gallery Version)",https://www.youtube.com/watch?v=LqmzfxUYRPI,LqmzfxUYRPI,2025-05-23T06:37:33Z,08:28,160,"Tetopocalyspsis (Gallery Version)

#videoart #art #kasaneteto 
I will provide more information soon
00:00 - Start
00:52 - Marker 3
01:48 - Marker 4
03:05 - Marker 2
04:32 - Marker 1

Follow Eli:
Instagram: @magnetic_demon 
Telegram: @ilyaminineli",https://i.ytimg.com/vi/LqmzfxUYRPI/hqdefault.jpg,available
"Ilya Minin (Eli)",https://www.youtube.com/@elilab,UCHGQDGcefrKtPa1kgjX20xw,50,"The Last Day of Kasane Teto — Experimental Animation | Ilya Minin (Eli)",https://www.youtube.com/watch?v=qxnTJGDGPWc,qxnTJGDGPWc,2025-03-20T13:00:06Z,03:37,604,"The Last Day of Kasane Teto is an experimental animated short by Ilya Minin (Eli) exploring the fragile boundary between light and darkness.

Through Kasane Teto's final journey, the film turns an iconic virtual character into a vessel for questions about connection, isolation, inner demons, suffering and transformation.

Rather than presenting Teto simply as a character, the animation uses her image and mythology to explore what happens when someone reaches the edge of themselves — and whether darkness necessarily means the end.

The work was created as a deeply personal visual experiment, with each frame built around atmosphere, emotion and symbolic storytelling.

Credits
Animation / MV Direction: Ilya Minin (Eli)

Part of the ELI LAB digital art archive.

#KasaneTeto #ExperimentalAnimation #DigitalArt #IlyaMinin #VisualStorytelling",https://i.ytimg.com/vi/qxnTJGDGPWc/hqdefault.jpg,available
"Ilya Minin (Eli)",https://www.youtube.com/@elilab,UCHGQDGcefrKtPa1kgjX20xw,51,"DVAR - Pleiir (Unofficial Clip)",https://www.youtube.com/watch?v=fVjXju_4J5E,fVjXju_4J5E,2025-03-02T14:16:53Z,02:12,164,"#unofficialanimation #dvar #pleiir

As a huge fan of DVAR, I created this unofficial animation to depict their latest incredible song ""Pleiir.""
I tried to capture the energy and emotion of the track, bringing to life the feelings and stories that DVAR inspires in me.

I hope you enjoy watching it as much as I enjoyed making it!

Ilya Minin (Eli) - Animation, MV Director
Spalah - Scene Stage, Lightning

Follow Eli:
Instagram: @magnetic_demon 
Telegram: @ilyaminineli",https://i.ytimg.com/vi/fVjXju_4J5E/hqdefault.jpg,available
"Ilya Minin (Eli)",https://www.youtube.com/@elilab,UCHGQDGcefrKtPa1kgjX20xw,52,"Kasane Teto - Fukkireta | geztålt – 吹っ切れた",https://www.youtube.com/watch?v=yrhaxUmj_3A,yrhaxUmj_3A,2025-02-04T14:36:11Z,03:35,823,"geztålt – 吹っ切れた (Fukkireta)

In the realm of friendship, Kasane Teto is a curious case. 
She embodies both light and shadow, and as a Slavic muse, she challenges my understanding of connection, blending depth and distance.
Teto reflects my own contradictions; she sings of joy yet whispers of loneliness.

In her company, I explore the nuances of seeking solace in a digital friend, gently illustrating that even in pixels, authenticity remains a cherished value.

#officialmusicvideo #kasaneteto #japanese
🔥🎶🔥🎶🔥🎶🔥🎶🔥🎶🔥🎶🔥🎶🔥🎶🔥🎶🔥🎶🔥🎶🔥🎶🔥🎶🔥🎶🔥🎶🔥🎶🔥

Follow Eli:
Instagram: @magnetic_demon 
Telegram: @ilyaminineli",https://i.ytimg.com/vi/yrhaxUmj_3A/hqdefault.jpg,available
"Ilya Minin (Eli)",https://www.youtube.com/@elilab,UCHGQDGcefrKtPa1kgjX20xw,53,"geztålt – Pjesma pro Ljubov (Official Video)",https://www.youtube.com/watch?v=ckv0rXGN2L0,ckv0rXGN2L0,2025-02-02T14:07:26Z,02:23,187,"“Pjesma pro Ljubov” is an experimental music video by geztålt, built from mixed-media collage, cutting, Dada techniques, Gestalt associations, psychological imagery, and audiovisual chaos.

Love appears here as a delightful paradox: something deeply human that can feel simultaneously intimate and unreachable. Passion becomes routine, desire becomes uncertainty, and the ideal of love collides with everyday reality. Is it an evolutionary mechanism, a soulful connection, or simply a beautiful contradiction?

The video approaches these questions through fragmented images, visual associations, humour, repetition, and unexpected connections between images and sound.

Music from the geztålt project.

Project: geztålt
Title: Pjesma pro Ljubov
Medium: Experimental music video / mixed-media collage
Techniques: Collage, cut-up, Dada, Gestalt associations
Language: Medžuslovjansky / Interslavic
Genre: Experimental / Hyperpop

#geztålt #PjesmaProLjubov #Interslavic #Medžuslovjansky #ExperimentalMusic #VideoArt #CollageArt #Hyperpop",https://i.ytimg.com/vi/ckv0rXGN2L0/hqdefault.jpg,available
"Ilya Minin (Eli)",https://www.youtube.com/@elilab,UCHGQDGcefrKtPa1kgjX20xw,54,"my liminal music to transfer you there - backrooms themed songs",https://www.youtube.com/watch?v=hjlXcHSFisY,hjlXcHSFisY,2025-01-24T13:00:06Z,02:04:00,757,"This is a compilation of my tracks from various projects between 2017 and 2024.
The tracks and photos were selected by @Hozain2007.

00:00:00 - Ilya Minin (Eli) - Metaliminal OST
00:02:42 - Ilya Minin (Eli) - Taming The Serpent: Part 5: Ziggurat's Fall
00:09:58 - geztålt - Bad Carnal
00:13:10 - geztålt Margaj-Sergaj - (live 2024)
00:14:52 - Ilya Minin (Eli) - Kettleblalling the Potcallck
00:20:04 - geztålt - Intermedia
00:25:15 - Ilya Minin (Eli) - Efaosiyl
00:29:14 - elias adams - Darren
00:34:14 - elias adams - Span The King
00:39:15 - elias adams - KOLNING
00:45:19 - elias adams - Ray
00:49:25 - elias adams - Der Monologe Des Psychiaters
00:56:49 - elias adams - You Have Gone Too Far
00:59:30 - elias adams - Shark
01:04:56 - tanerlach - Inchrust
01:09:02 - geztålt - ᛕᚴᚹᛇᚻᚺᛇ ᚻᚣ ᚢᚣᛔᚖᛋᛕᛇ
01:10:06 - elias adams - Glycine
01:16:46 - elias adams - Unfearless Mix
01:26:30 - tanerlach - Seven
01:29:46 - elias adams - Debris III
01:33:09 - elias adams - fluite-friendly (live 2019)
01:37:54 - elias adams Her First Sex
01:43:33 - elias adams - Receiver
01:49:45 - elias adams - Difraction City
01:59:32 - elias adams - Idranath

thank you for watching",https://i.ytimg.com/vi/hjlXcHSFisY/hqdefault.jpg,available
"Ilya Minin (Eli)",https://www.youtube.com/@elilab,UCHGQDGcefrKtPa1kgjX20xw,55,"Taming the Serpent — Live at Winzavod, 2022 | Performance Art",https://www.youtube.com/watch?v=InpJyuAuIyM,InpJyuAuIyM,2024-12-30T13:00:06Z,07:12,79,"“Taming the Serpent” is a collaborative performance by Julia Baranyuk and Ilya Minin (Eli), recorded live on December 23, 2022, at the Winzavod Center for Contemporary Art in Moscow.

The performance explores the boundary between the physical and the digital through movement, interaction, and the architecture of Winzavod’s “underground world.” The space becomes part of the work itself, creating an environment where physical presence, digital perception, and performance gradually collide.

0:00 — The performance begins and the atmosphere of the “underworld”
1:29 — On the artist’s professionalism and composure
3:50 — Exploring the underground space
4:58 — The climax and interaction
6:49 — On working with artists and creative challenges

Authors: Julia Baranyuk, Ilya Minin (Eli)
Camera: Vasiliy Ivanov

#TamingTheSerpent #PerformanceArt #Winzavod #ContemporaryArt #IlyaMinin #JuliaBaranyuk #PerformanceArt2022",https://i.ytimg.com/vi/InpJyuAuIyM/hqdefault.jpg,available
"Ilya Minin (Eli)",https://www.youtube.com/@elilab,UCHGQDGcefrKtPa1kgjX20xw,56,"Kasane Teto - Dymohod | geztålt (Official Video)",https://www.youtube.com/watch?v=2fLbsIePb-U,2fLbsIePb-U,2024-12-20T14:44:26Z,02:29,471,"The story revolves around Kasane Teto, surrounded by her beloved friends who have come to support her on the set.

Credits:
Kasane Teto - Vox
Kagarime Rin  - Drums
Megurine Luka - Flute
Hatsune Miku - Cameo

#officialmusicvideo #vocaloids #geztaltlab
🔥🎶🔥🎶🔥🎶🔥🎶🔥🎶🔥🎶🔥🎶🔥🎶🔥🎶🔥🎶🔥🎶🔥🎶🔥🎶🔥🎶🔥🎶🔥🎶🔥

The contrast between the carefree life of the capital's residents, who are busy with overpriced shopping, and the harsh reality of the heroine, who has to clean the chimney tomorrow, emphasizes the main idea: life is not always easy, but with friends around, all difficulties are surmountable.  
""Dymohod"" is not just a music video, but a statement about friendship, loyalty and the importance of appreciating loved ones, especially in difficult moments. 

Lyrics:
People live in major cities,
They meet. They buy something from each other at speculative prices.
Tomorrow you clean the chimney.

Subscribe to our channel for more music videos and hit the notification bell to stay updated on all the latest releases!

Follow Eli:
Instagram: @magnetic_demon 
Facebook: Ilya Minin (Eli)",https://i.ytimg.com/vi/2fLbsIePb-U/hqdefault.jpg,available
"Ilya Minin (Eli)",https://www.youtube.com/@elilab,UCHGQDGcefrKtPa1kgjX20xw,57,"Kasane Teto - Mudak | geztålt (Official Video)",https://www.youtube.com/watch?v=zEs_ET6rTkk,zEs_ET6rTkk,2024-12-16T13:52:41Z,03:26,"1,885","Mudak (Kasane Teto Cover)

#kasaneteto #clip #hyperpop 
🔥🎶🔥🎶🔥🎶🔥🎶🔥🎶🔥🎶🔥🎶🔥🎶🔥🎶🔥🎶🔥🎶🔥🎶🔥🎶🔥🎶🔥🎶🔥🎶🔥

Lyrics:
Говорят в художественной среде любят курить. 
Это правда. 
Потому что ты мудак!
Но как же тогда быть? 
Потому что ты мудак! 
И жизнь, и искусство – это не что иное, 
Как проявления одного и того же вселенского 
Заговора. 
А я думаю, неправда. 
Потому что ты мудак!

Это, скорее, похоже на пыльный шелк судьбы,
Вокруг столько пыли и мольбы. 
Но для меня это представление говорит 
О художественном кризисе
О духовном кризисе!
На самом деле всё гораздо проще:
Потому что ты мудак!
А!

Туууу тутутутуту туту
Ту тутур туту туту
Ту, ту турутурутурутуру
Туууу!
Йеах!

Я хочу сказать, 
Что дело не в том, что ты мудак, а в том, 
Что ты чего-то 
По этому поводу не знаешь. 
Потому что ты мудак!

Хотя на самом деле - всё наоборот;
Есть люди, которые
Не мудаки.
Они как раз знают, кто они на самом деле. 

Они так выросли,
Что могли спокойно смотреть в лицо и Богу и Дьяволу, а ты даже этого не можешь. 
Потому что ты мудак!
Потому что ты мудак!
Ууууу!

Татата татата рата тата там
Рататата тата рата тата там
Рататата тата рата тата там
Ух!
Потому что ты мудак!

А ты веришь, что ты умён,
Считаешь себя гением —
Только я в это не верю. 
Потому что ты мудак!

В моём мире умных людей нет. 
В моем мире дураки всегда безумны. 
Это называется равновесие, равновесие, равновесие!

Только жизнь уже будет другая
И судьба — тоже,
Потому что ты мудак!

Если ты похож на Бога или Дьявола,
Ты на самом деле Бог и
Дьявол!
Ох!

И это единственный выход — не выбирать,
Понимаешь,
Потому что ты —
Мудак!

Follow Eli:
Instagram: @magnetic_demon 
Facebook: Ilya Minin (Eli)",https://i.ytimg.com/vi/zEs_ET6rTkk/hqdefault.jpg,available
"Ilya Minin (Eli)",https://www.youtube.com/@elilab,UCHGQDGcefrKtPa1kgjX20xw,58,"Serval Man – Ilya Minin (Eli), servaldays (Official Reel)",https://www.youtube.com/watch?v=ypP4UKUWvpw,ypP4UKUWvpw,2024-11-25T11:56:18Z,00:53,413,"#officialmusicvideo #serval #geztalt
🔥🎶🔥🎶🔥🎶🔥🎶🔥🎶🔥🎶🔥🎶🔥🎶🔥🎶🔥🎶🔥🎶🔥🎶🔥🎶🔥

Leptailurus serval is a wild cat native to  ̶R̶u̶s̶s̶i̶a̶  Africa. Across its range, it occurs in protected areas, and hunting it is either prohibited or regulated in range countries.

Starring: Serval Sirius
Editing: Eli

Follow Eli:
Instagram: @magnetic_demon

Follow servaldays:
Instagram: @servaldays",https://i.ytimg.com/vi/ypP4UKUWvpw/hqdefault.jpg,available
"Ilya Minin (Eli)",https://www.youtube.com/@elilab,UCHGQDGcefrKtPa1kgjX20xw,59,"Showreel 2024 - Ilya Minin (Eli)",https://www.youtube.com/watch?v=kUCLW8sF78U,kUCLW8sF78U,2024-11-11T12:31:06Z,05:58,682,"Zdravej!
My name is Minin Ilya (Eli). 
Being an artist, I represent contemporary art through the computer. 
My vision is a mixture of bold solutions and experiments.

I create under the brand “eli_lab”, where I realize deep dark fantasies in CG and animation.

What I usually do:
 🔻Designing CG and animations with an original style
 🔻Integration of modern trends and ideas into projects
 🔻Contemporary Art, exhibition programs
 🔻Experiments and non-standard approaches

What I have to brag about:
 🔺Training at the Rodchenko School, where I learned how to turn ethics into aesthetics and inspiration into a commodity
 🔺Experience in teaching and collaborations in computer-aided design, animation, and CG
 🔺Performances, exhibitions, interesting realized projects
 🔺Have a sense of taste and musical ear

A little bit about working style:
We together outline the key points of the project, agree on deadlines and payment terms.
For comfortable work, I show intermediate results and discuss the realization together with the customer.

🔻Personal website - https://eliasadams.github.io/eli_lab.

I will be glad to interesting projects!
#CG #Animation #Art",https://i.ytimg.com/vi/kUCLW8sF78U/hqdefault.jpg,available
"Ilya Minin (Eli)",https://www.youtube.com/@elilab,UCHGQDGcefrKtPa1kgjX20xw,60,"Bogorodskoye (2022) — Experimental Short Film | Ilya Minin (Eli), Julia Baranyuk",https://www.youtube.com/watch?v=_KpvIF-fgs8,_KpvIF-fgs8,2024-10-03T00:48:33Z,20:22,40,"Bogorodskoye (2022) is an experimental short film and comedy video series by Ilya Minin (Eli) and Yulia Baranyuk, inspired by the local history, theater, music, dancing, and fairground traditions of Bogorodskoye.

Set against the cultural world of late-19th-century Bogorodskoye, the project explores a place remembered through carnival, absurdity, performance, and chaotic everyday life. The series is based on local-history essays and articles collected in Bogorodskoye. Pages of History: A Collection of Local-History Essays and Articles by T. Z. Biryukova and A. V. Bugrov.

The film was created in 2022 as a contemporary artistic interpretation of Bogorodskoye's local history, combining comedy, performance, video art, and historical reconstruction.

Credits
Script & Production: Yulia Baranyuk, Ilya Minin (Eli)
Director of Photography: Hose
Editing & Sound: Ilya Minin (Eli)

Cast
Yulia Baranyuk
Ilya Minin
Anna Malakhova
Olga Romanova
Mel
Vasily Ivanov
Vladimir Pilikhovski
Sergey Bratkov
Oleg Ustinov

Year: 2022
Medium: Experimental film / video art / comedy series
Project: Bogorodskoye

#Bogorodskoye #ExperimentalFilm #IlyaMinin",https://i.ytimg.com/vi/_KpvIF-fgs8/hqdefault.jpg,available
"Ilya Minin (Eli)",https://www.youtube.com/@elilab,UCHGQDGcefrKtPa1kgjX20xw,61,"VIA ""Spravžni Čoloviki"" – Velikij Illja Minin (Official Video)",https://www.youtube.com/watch?v=QQ9Saxm5gEw,QQ9Saxm5gEw,2024-09-12T12:15:42Z,03:34,265,"Directed by:  @fugerol  

(Kuplet 1)
Talant, ščo rozkvitaě, nače ranok,
Ilja Minin - zirka naša v nebesah.
Mistectvo j stil - v jogo duši živut,
I kožen akord tut dušu rozgojduě.

(Prispiv)
Ilja Minin, jak molodij vognik,
Vin spivaě tak, nače vičnij vesnjanij liven.
Muzika jogo - ce magija j vogon,
Jogo golos - najkraščij dar doli.

(Kuplet 2)
Po dorozi do uspihu vin jšov,
I pristrasno preponi vin lamav.
Sercja miljoniv vin zavojuvav,
Talantom j siloju vin vražav.

(Prispiv)
Ilja Minin, jak molodij vognik,
Vin spivaě tak, nače vičnij vesnjanij liven.
Muzika jogo - ce magija j vogon,
Jogo golos - najkraščij dar doli.

(Mist)
Vin nadihaě na mriji j tvorčist,
I jogo slova dolonki nižno obijmajut.
Kožen zvuk, kožne slovo jogo pisen
Nesut energiju ta vidkritist.

(Prispiv)
Ilja Minin, jak molodij vognik,
Vin spivaě tak, nače vičnij vesnjanij liven.
Muzika jogo - ce magija j vogon,
Jogo golos - najkraščij dar doli.

(Mist)
Ilja Minin - artist velikij,
Jogo muzika v sercjah zvučit doti.
Haj jogo pisni kak Laduzika!
Ilja Minin - artist velikij,
Jogo muzika...

(Koncovka)
Jogo-go golos - najkraščij dar doli.
Voni spivě... vesnjanij liven. 
Muzika jogo - ce magija j vogon,
Jogo golos - najkraščij dar doli...

Follow Eli:
Instagram: @magnetic_demon 
Facebook: Ilya Minin (Eli)

#officialmusicvideo #medžuslovjansky #fugerol",https://i.ytimg.com/vi/QQ9Saxm5gEw/hqdefault.jpg,available
"Ilya Minin (Eli)",https://www.youtube.com/@elilab,UCHGQDGcefrKtPa1kgjX20xw,62,"DVAR – Ko Ki Ki (Dancing Video)",https://www.youtube.com/watch?v=N0LQomFjYAY,N0LQomFjYAY,2024-07-18T13:00:07Z,01:41,153,"DVAR – Ko Ki Ki (Dancing Video)

Subscribe to our channel for more music videos and hit the notification bell to stay updated on all the latest releases.

#fantasymusic #ilyaminin #contemporaryart 
🔥🎶🔥🎶🔥🎶🔥🎶🔥🎶🔥🎶🔥🎶🔥🎶🔥🎶🔥🎶🔥🎶🔥🎶🔥🎶🔥🎶🔥🎶🔥🎶🔥

Track by DVAR

Follow Eli:
Instagram: @magnetic_demon 
Facebook: Ilya Minin (Eli)",https://i.ytimg.com/vi/N0LQomFjYAY/hqdefault.jpg,available
"Ilya Minin (Eli)",https://www.youtube.com/@elilab,UCHGQDGcefrKtPa1kgjX20xw,63,"Мужская депрессия — Ilya Minin & sasha e b | Video Art",https://www.youtube.com/watch?v=RgT3XGULiKA,RgT3XGULiKA,2024-07-07T13:00:06Z,03:21,307,"«Мужская депрессия» (2022) is a video art work by Ilya Minin (Eli) and sasha e b about depression, emotional isolation, and the loss of connection with the world.

The work uses the contrast between colour and black-and-white imagery as a visual metaphor for an inner struggle: between emotional intensity and emptiness, the desire to live and despair, self-expression and the loss of self.

Rather than presenting depression as something visible from the outside, the video focuses on the internal experience of a world becoming flat, monochrome, and stripped of depth. It also addresses the social invisibility of men's depression and the difficulty of recognizing and expressing emotional suffering.

A restored digital artwork from the eli_lab archive.

Artists: Ilya Minin (Eli), sasha e b
Audio: sasha e b
Video: Ilya Minin (Eli)
Medium: Video art
Year: 2022

#МужскаяДепрессия #VideoArt #IlyaMinin #SashaEB #ExperimentalArt #DigitalArt #eli_lab",https://i.ytimg.com/vi/RgT3XGULiKA/hqdefault.jpg,available
"Ilya Minin (Eli)",https://www.youtube.com/@elilab,UCHGQDGcefrKtPa1kgjX20xw,64,"Geztålt – Minin-Serval (Official Reel)",https://www.youtube.com/watch?v=ivePQpesR0w,ivePQpesR0w,2024-06-24T20:03:33Z,01:32,231,"Geztålt – Minin-Serval (Official Reel)

Subscribe to our channel for more music videos and hit the notification bell to stay updated on all the latest releases.

#officialmusicvideo #serval #hardstyle
🔥🎶🔥🎶🔥🎶🔥🎶🔥🎶🔥🎶🔥🎶🔥🎶🔥🎶🔥🎶🔥🎶🔥🎶🔥🎶🔥🎶🔥🎶🔥🎶🔥

Lyrics:
Илья был просто парнем
В городе больших машин
Но случилось что-то странное -
Он изменился в миг один

Илья стал сервалом
Илья стал сервалом
Минин Сервал
Минин Сервал
ААААААААА!!!

Follow Eli:
Instagram: @magnetic_demon 
Facebook: Ilya Minin (Eli)",https://i.ytimg.com/vi/ivePQpesR0w/hqdefault.jpg,available
"Ilya Minin (Eli)",https://www.youtube.com/@elilab,UCHGQDGcefrKtPa1kgjX20xw,65,"Greater Than Lesser (Videoart)",https://www.youtube.com/watch?v=UuNT2WaKdqg,UuNT2WaKdqg,2024-05-21T19:19:43Z,01:14,147,"Greater Than Lesser is an experimental video art piece that explores the fine line between perception and feeling. Based on the idea that “to see less is to love less,” the work immerses the viewer in a meditative visual space.

In this video, Ilya Minin (Eli) uses minimalist imagery and metaphors to raise questions about the depth of human relationships and how our vision shapes our hearts.

eli_lab 2023

Follow Eli:
Instagram: @magnetic_demon 
Facebook: Ilya Minin (Eli)",https://i.ytimg.com/vi/UuNT2WaKdqg/hqdefault.jpg,available
"Ilya Minin (Eli)",https://www.youtube.com/@elilab,UCHGQDGcefrKtPa1kgjX20xw,66,"Ilya Minin (Eli) – linearna zaležnosť (Official Video)",https://www.youtube.com/watch?v=wvOA4AV6ytU,wvOA4AV6ytU,2024-04-03T13:00:06Z,03:33,110,"Ilya Minin (Eli) – linearna zaležnosť (Official Video)

Subscribe to our channel for more music videos and hit the notification bell to stay updated on all the latest releases.

#officialmusicvideo #medžuslovjansky #experimentalmusic  
🔥🎶🔥🎶🔥🎶🔥🎶🔥🎶🔥🎶🔥🎶🔥🎶🔥🎶🔥🎶🔥🎶🔥🎶🔥🎶🔥🎶🔥🎶🔥🎶🔥

Linear dependency in sound art refers to the relationship between different sound elements that create a coherent and harmonious composition. 
It involves the arrangement of sounds in a structured and logical manner, where each sound contributes to the overall narrative or emotional impact of the piece. 
Understanding the concept of linear dependency allows sound artists to craft immersive experiences by controlling the progression, development, and interplay of sounds to convey a specific message or evoke particular feelings within the listener. 
Mastering linear dependency in sound art can lead to more impactful and resonant sonic creations.

Ilya Minin (Eli) – elias adams
Model – Ivan Netkachev

Follow Eli:
Instagram: @magnetic_demon 
Facebook: Ilya Minin (Eli)",https://i.ytimg.com/vi/wvOA4AV6ytU/hqdefault.jpg,available
"Ilya Minin (Eli)",https://www.youtube.com/@elilab,UCHGQDGcefrKtPa1kgjX20xw,67,"geztålt – Їšтоґїa Оdиоgо Їšкцшёиїa (Official Video)",https://www.youtube.com/watch?v=O6SqS3W7WIU,O6SqS3W7WIU,2024-03-27T13:34:03Z,02:00,196,"geztålt – Їšтоґїa Оdиоgо Їšкцшёиїa (Official Video)

Subscribe to our channel for more music videos and hit the notification bell to stay updated on all the latest releases.

#officialmusicvideo #medžuslovjansky #hyperpop 
🔥🎶🔥🎶🔥🎶🔥🎶🔥🎶🔥🎶🔥🎶🔥🎶🔥🎶🔥🎶🔥🎶🔥🎶🔥🎶🔥🎶🔥🎶🔥🎶🔥

In the maze of life, there is a powerful force called temptation.
Promising pleasure, power, and instant gratification, it lures and entices like the sirens of old. 
Temptation appeals to our desires. 
Temptation preys on our weaknesses. 
It lays bare a deep, revealing the complex combination of our desires, our worries, our insecurities.

Temptation ennobles us, increasing self-awareness and empowerment. Resisting temptation is a test of our character and willpower. 
Let us strive to transcend what we want and accept what makes us truly human.


Rendering – ​⁠@blikkcg
Follow Eli:
Instagram: @magnetic_demon 
Facebook: Ilya Minin (Eli)",https://i.ytimg.com/vi/O6SqS3W7WIU/hqdefault.jpg,available
"Ilya Minin (Eli)",https://www.youtube.com/@elilab,UCHGQDGcefrKtPa1kgjX20xw,68,"Иногда, наши cбывшиеся желания могут вызвать разочарование",https://www.youtube.com/watch?v=NpxvC5esJHI,NpxvC5esJHI,2024-03-21T17:27:50Z,00:30,99,"Иногда, наши сбывшиеся желания могут вызвать разочарование",https://i.ytimg.com/vi/NpxvC5esJHI/hqdefault.jpg,available
"Ilya Minin (Eli)",https://www.youtube.com/@elilab,UCHGQDGcefrKtPa1kgjX20xw,69,"geztålt – Mudak (Official Video)",https://www.youtube.com/watch?v=mGKYctn7TOo,mGKYctn7TOo,2024-03-19T13:00:07Z,03:25,"1,577","geztålt — Mudak (Official Video)

Subscribe to our channel for more music videos and hit the notification bell to stay updated on all the latest releases.

#officialmusicvideo #clip #hyperpop 
🔥🎶🔥🎶🔥🎶🔥🎶🔥🎶🔥🎶🔥🎶🔥🎶🔥🎶🔥🎶🔥🎶🔥🎶🔥🎶🔥🎶🔥🎶🔥🎶🔥

Lyrics:
Говорят в художественной среде любят курить. 
Это правда. 
Потому что ты мудак!
Но как же тогда быть? 
Потому что ты мудак! 
И жизнь, и искусство – это не что иное, 
Как проявления одного и того же вселенского 
Заговора. 
А я думаю, неправда. 
Потому что ты мудак!

Это, скорее, похоже на пыльный шелк судьбы,
Вокруг столько пыли и мольбы. 
Но для меня это представление говорит 
О художественном кризисе
О духовном кризисе!
На самом деле всё гораздо проще:
Потому что ты мудак!
А!

Туууу тутутутуту туту
Ту тутур туту туту
Ту, ту турутурутурутуру
Туууу!
Йеах!

Я хочу сказать, 
Что дело не в том, что ты мудак, а в том, 
Что ты чего-то 
По этому поводу не знаешь. 
Потому что ты мудак!

Хотя на самом деле - всё наоборот;
Есть люди, которые
Не мудаки.
Они как раз знают, кто они на самом деле. 

Они так выросли,
Что могли спокойно смотреть в лицо и Богу и Дьяволу, а ты даже этого не можешь. 
Потому что ты мудак!
Потому что ты мудак!
Ууууу!

Татата татата рата тата там
Рататата тата рата тата там
Рататата тата рата тата там
Ух!
Потому что ты мудак!

А ты веришь, что ты умён,
Считаешь себя гением —
Только я в это не верю. 
Потому что ты мудак!

В моём мире умных людей нет. 
В моем мире дураки всегда безумны. 
Это называется равновесие, равновесие, равновесие!

Только жизнь уже будет другая
И судьба — тоже,
Потому что ты мудак!

Если ты похож на Бога или Дьявола,
Ты на самом деле Бог и
Дьявол!
Ох!

И это единственный выход — не выбирать,
Понимаешь,
Потому что ты —
Мудак!

Follow Eli:
Instagram: @magnetic_demon 
Facebook: Ilya Minin (Eli)",https://i.ytimg.com/vi/mGKYctn7TOo/hqdefault.jpg,available
"Ilya Minin (Eli)",https://www.youtube.com/@elilab,UCHGQDGcefrKtPa1kgjX20xw,70,"е/б ft. geztålt — Lupen (Official Video)",https://www.youtube.com/watch?v=qsCjrhffYjY,qsCjrhffYjY,2024-03-07T13:00:06Z,01:30,400,"е/б ft. geztålt — Lupen (Official Video)

Subscribe to our channel for more music videos and hit the notification bell to stay updated on all the latest releases.

#officialmusicvideo #medžuslovjansky #hyperpop 
🔥🎶🔥🎶🔥🎶🔥🎶🔥🎶🔥🎶🔥🎶🔥🎶🔥🎶🔥🎶🔥🎶🔥🎶🔥🎶🔥🎶🔥🎶🔥🎶🔥

Lyrics:
Hot vild igra, eshhe nit' zo svet.
Kinki pravda v tvoih ohnah bez den,
Naughti rebenok, pozvati me tvoj gospodin.

Desno, levo, vsem gorahko na kozha,
Nashe zhelanie plamja, mne ne zhalko.

S tvoim viničenja, vi poučeni,
Ritam BDSM, etot lupen tvoj.

V zapečatljennii komnata, svet je mal,
Tvôj sužnji, krasna jak zvezda je pal.

Bondage strela, iz soft do hard,
Vzkriknut' po užitek, jak vild pop art.

Slovno doktor, s passionatem lieču ruani,
Dnes som tvoj vladca, misteriózne panni.

BDSM nash tajna podstava,
Hotějice hot session jako lava.

Follow Eli:
Instagram: @magnetic_demon 
Facebook: Ilya Minin (Eli)",https://i.ytimg.com/vi/qsCjrhffYjY/hqdefault.jpg,available
"Ilya Minin (Eli)",https://www.youtube.com/@elilab,UCHGQDGcefrKtPa1kgjX20xw,71,"sergaj #meme #mushorts",https://www.youtube.com/watch?v=xpfjvoySHk8,xpfjvoySHk8,2024-03-05T20:49:25Z,00:55,233,,https://i.ytimg.com/vi/xpfjvoySHk8/hqdefault.jpg,available
"Ilya Minin (Eli)",https://www.youtube.com/@elilab,UCHGQDGcefrKtPa1kgjX20xw,72,"geztålt — Sergaj (Official Video)",https://www.youtube.com/watch?v=c9MV8CoR-Ls,c9MV8CoR-Ls,2024-03-04T15:20:17Z,01:30,396,"Serval? Margaj? Sergaj!",https://i.ytimg.com/vi/c9MV8CoR-Ls/hqdefault.jpg,available
"Ilya Minin (Eli)",https://www.youtube.com/@elilab,UCHGQDGcefrKtPa1kgjX20xw,73,"Never meme #meme #mushorts",https://www.youtube.com/watch?v=a-ml9PY4dRg,a-ml9PY4dRg,2024-01-29T22:30:15Z,00:15,833,,https://i.ytimg.com/vi/a-ml9PY4dRg/hqdefault.jpg,available
"Ilya Minin (Eli)",https://www.youtube.com/@elilab,UCHGQDGcefrKtPa1kgjX20xw,74,"Bored of #contemporaryart",https://www.youtube.com/watch?v=5Zc2ybLKIzE,5Zc2ybLKIzE,2023-09-19T23:46:17Z,00:28,74,,https://i.ytimg.com/vi/5Zc2ybLKIzE/hqdefault.jpg,available
"Ilya Minin (Eli)",https://www.youtube.com/@elilab,UCHGQDGcefrKtPa1kgjX20xw,75,"EWP Project (Original Cut)",https://www.youtube.com/watch?v=997vBAqNjm0,997vBAqNjm0,2023-09-10T06:32:22Z,14:56,249,"EWP Project. Original Cut

CGI abstract animation directed by Ilya Minin (Eli).

The gripping tale of a demon in human form returning to his hometown. 
This short film combines abstract visuals with frustrated feelings of new generation.

2023
 
Crew:
Ilya Minin (Eli) - Director, Screenwriter, SFX, Project Manager, Edit
BVLKK - Production Designer, Animator, Shading
Spalah79 - Production Designer, Technologist, Supervisor, Support, Inspiration
Romaner - Technologist, Consultant, Light, Cameraman, Support, Inspiration, Postproduction
Marusia Izdebska - Dubbing, Voiceover, Support
e6 - Additional SFX, Soundtrack

The ""EWP Project"" appears online for the first time in the public domain",https://i.ytimg.com/vi/997vBAqNjm0/hqdefault.jpg,available
"Ilya Minin (Eli)",https://www.youtube.com/@elilab,UCHGQDGcefrKtPa1kgjX20xw,76,"Овощи — Игорь Яновский, Илья Минин (Eli) | Experimental Video",https://www.youtube.com/watch?v=HZJoPfHkqTU,HZJoPfHkqTU,2023-03-20T13:42:17Z,04:02,200,"Овощи — наши хорошие друзья.

И если мы относимся к ним добрее, чем они к нам, мы становимся хорошими людьми.

A short experimental audiovisual work by Ilya Minin (Eli) and Igor Yanovsky, built around a playful and absurd reflection on vegetables, friendship, kindness, and the strange relationships we create with ordinary objects and images.

Video: Ilya Minin (Eli)
Music: geztalt
Design: Igor Yanovsky

#Овощи #ИльяМинин #ИгорьЯновский #VideoArt #ExperimentalArt #DigitalArt #eli_lab",https://i.ytimg.com/vi/HZJoPfHkqTU/hqdefault.jpg,available
"Ilya Minin (Eli)",https://www.youtube.com/@elilab,UCHGQDGcefrKtPa1kgjX20xw,77,CAKELINK!,https://www.youtube.com/watch?v=zmMRJ03uvOI,zmMRJ03uvOI,2023-03-02T20:33:17Z,00:00,0,".
Чувствуйте себя как дома!
Вконтакте - https://vk.com/idminish
Почта - photocakelink@gmail.com
.
Если вы вдруг захотите поддержать меня материально, то можете кинуть монетку - от этого канал станет только круче!
QIWI Wallet +7915224353",https://i.ytimg.com/vi/zmMRJ03uvOI/hqdefault_live.jpg,available
"Ilya Minin (Eli)",https://www.youtube.com/@elilab,UCHGQDGcefrKtPa1kgjX20xw,78,"Автопати Agonal Machines за полторы минуты",https://www.youtube.com/watch?v=YavJ8I_g74I,YavJ8I_g74I,2023-02-15T15:00:22Z,01:30,81,"Performative Agonal Machines at Lachesis, Moscow 05.02.2023

00:08 — Соседские Дети — Песни для Народа
00:30 — Geztålt — 𖡮𖡁𖤃𖡋𖨎𖡄𖢧
01:06 — Geztålt — K ᵒ҉O꙲ ᴾB ᴬ҉ ℓԾℒ

Оператор: Василий Иванов, Юлия Баранюк
Визуал: danganesha
Звук: Илья Минин (Eli)

Вы можете подписаться на проект здесь https://vk.com/eliasadams
#eli #̵̛̞̗̳̗̰̤̊ͫ̈͗̌̒̂̓̃̅̅ͣ͝͞ #geztaltassn",https://i.ytimg.com/vi/YavJ8I_g74I/hqdefault.jpg,available
"Ilya Minin (Eli)",https://www.youtube.com/@elilab,UCHGQDGcefrKtPa1kgjX20xw,79,"Performative Agonal Machines at Lachesis, Moscow 05.02.2023",https://www.youtube.com/watch?v=HSd6hCtQogI,HSd6hCtQogI,2023-02-15T15:00:16Z,06:17,169,"Заключительные фрагменты Agonal Machines в клубе Lachesis, Москва 5 февраля 2023

00:00 — Geztålt — рейвера побили за гаражами
00:37 — флекс
01:40 — адский флекс
03:09 — Соседские Дети — Песни Для Народа
04:10 — Geztålt — хороший был концерт, но потом пришли мужыки
04:41 — Geztålt — пошел за пивом и упал с лестницы
05:10 — заигрывание с цепями, визуал danganesha становится суровым
05:58 — оператор сел

Оператор: Василий Иванов, Юлия Баранюк
Визуал: danganesha
Перформанс: Юлия Баранюк, Анастасия Королевская
Звук и монтаж: Илья Минин (Eli)

Вы можете подписаться на проект здесь https://vk.com/eliasadams
 #eli #̵̛̞̗̳̗̰̤̊ͫ̈͗̌̒̂̓̃̅̅ͣ͝͞ #geztaltassn #live #performance",https://i.ytimg.com/vi/HSd6hCtQogI/hqdefault.jpg,available
"Ilya Minin (Eli)",https://www.youtube.com/@elilab,UCHGQDGcefrKtPa1kgjX20xw,80,"БЄZTДLT — Ї₴HTAЯ",https://www.youtube.com/watch?v=vT8eT6heVfg,vT8eT6heVfg,2023-01-16T13:07:29Z,01:50,417,"THЇ₴ Ї₴ THЄ BЄБЇИИЇИБ ОF A ИЄЩ ДБЄ.  ₴ОMЄTHЇИБ Ї₴ CОMЇИБ.

БЄ₴TДLT Ї₴ A CЯЄДTЇVЄ PЯОJЄCT AИD ЇИЇTЇATЇVЄ ДLLЇAИCЄ. ЇT Ї₴ ЩОЯК ОИ PЯОJЄCT₴ THAT ЄXЇ₴T ОЯ ЩЇ₴H TО CОMЄ TО FЯЦЇTЮИ. БЄ₴TALT CAИ BЄ ЄЇTHЄЯ CОVЄЯT ОЯ ЄXPLЇCЇT. ДMОИБ THЄ БЄ₴TALT Ї₴ ОFTЄИ FОЦИD ЩЯЇTЄЯ₴, PОЄT₴, AЯTЇ₴T₴ AИD ОTHЄЯ PЄОPLЄ ОF THЄ AЯT₴, ЩHО ДЯЄ CОMMОИLЏ ЯЄБДЯDЄD Д₴ THЄ CЯЄATОЯ₴ ОF ИЄШ AЯT. THЄ LATЄИT БЄ₴TALT Ї₴ MЄИTAL, ₴ОЦL AИD ₴PЇЯЇTЦДL ШОЯК ШЇTH ЇИTЯОJЄCTЮИ, БЇVЇИБ A MОЯЄ ОЯ LЄ₴₴ AЦTHЄИTЇC PЇCTЦЯЄ ОF THЄ P₴Џ
Н̗̳̥ͤе̰͈͉̯̓ͬ̑ͅ ς̔ͩ̍๒l ͍̠ͅнє͗̈̾̓ в̬є̝̄ͬ́ш̾̃̂ͭคй ̛н̔ͤ͐̿ค̡͙͐̃ς̟͗͞#̫̺̣͇̖̪̹̦͉͖̭͔͆̆̊ͫ̈̽͑͋̀̚͞͝ͅ#̛̛̞̘͓̫̠̗̱̣͔̣̳̟͉͉̝̜́̏̇͠#̡͍̤̘̮̜̳̮̳͖͓̭͇̰͓̔̃͊̐̓ͭͭ̄ͧ͂͗͑̕͞#͎͓̫̬͔̫͔͈̤ͮͧ̒ͧ͂̃̈́̓͑̈́̀ͩ͟#ͭͨͯͤ̑͏̤̟̖̗̤̞̼̻̱̼̥̤͇̯̤#̆ͣ̄ͫ̍̓ͮ̈̆ͤ̂͏̳͈͔̮̣͉̙̙̬̙̠̝̖̹̗͡ͅ Н̗̳̥ͤе̰͈͉̯̓ͬ̑ͅ ς̔ͩ̍๒l ͍̠ͅнє͗̈̾̓ в̬є̝̄ͬ́ш̾̃̂ͭคй ̛н̔ͤ͐̿คς̟͗͞ #̴̞͚͍̰̦̭̹̤̣̑̇ͮͥ̈́ͤͣ͋ͮ̀͛ͪͬ̍́̚͘#̠͇̩̰̭̥̖̤͓̝̭͎̤͍͍̗̤̊ͣ̿̒͒͛̓͛̇̓̈́̈́͢͠#̢̥͖̗̤̱̠̯̟͔ͣ̎̓ͬ̓̍̐ͯ̌͛̽ͩͭ́ͅ#ͣ͌ͩ̔ͦ̄̍̏҉̵̱͍̮̩̼͎̥͉́͟#̵̭̭̣͖͚̩͔͆͊̇̀́̂̓ͥ̎̐͂͑̓͋̍̎̉#̛̞̝͓̥̦͕͍̲̅̓͑̏͗̐̑͗͟#̙͉̫̲̙͍̺̦͚̤̭̱ͯͬ͛͆͆͌̌͘͝#̵̛̞̗̳̗̰̤̊ͫ̈͗̌̒̂̓̃̅̅ͣ͝͞

@geztaltlab
If you liked this video, then subscribe to https://vk.com/eliasadams
#eli #̵̛̞̗̳̗̰̤̊ͫ̈͗̌̒̂̓̃̅̅ͣ͝͞ #geztaltassn",https://i.ytimg.com/vi/vT8eT6heVfg/hqdefault.jpg,available
"Ilya Minin (Eli)",https://www.youtube.com/@elilab,UCHGQDGcefrKtPa1kgjX20xw,81,"Depeche Mode cover",https://www.youtube.com/watch?v=wPzSisEuKkY,wPzSisEuKkY,2023-01-12T11:51:34Z,01:01,19,,https://i.ytimg.com/vi/wPzSisEuKkY/hqdefault.jpg,available
"Ilya Minin (Eli)",https://www.youtube.com/@elilab,UCHGQDGcefrKtPa1kgjX20xw,82,"Ilya Minin (Eli) -- Industrial Sanitation and Occupational Hygiene",https://www.youtube.com/watch?v=5xEy5C2iNIY,5xEy5C2iNIY,2022-11-22T13:44:57Z,02:18,171,"Mixed collage, cutting, Dada technique, Gestalt associations, other psychological elements.

To see the dynamics and spirituality of industrial sanitation and occupational hygiene, to understand the theme and realize the connection between industrial sanitation and occupational hygiene, watch this video about industrial sanitation and occupational hygiene in the context of art.

Music of the project used @geztaltlab

#eli #̵̛̞̗̳̗̰̤̊ͫ̈͗̌̒̂̓̃̅̅ͣ͝͞ #geztaltassn",https://i.ytimg.com/vi/5xEy5C2iNIY/hqdefault.jpg,available
"Ilya Minin (Eli)",https://www.youtube.com/@elilab,UCHGQDGcefrKtPa1kgjX20xw,83,"geztålt – Enlightenment I",https://www.youtube.com/watch?v=j1hq6xUp420,j1hq6xUp420,2022-11-12T14:53:22Z,02:15,305,"Просвещение — передача, распространение знаний и культуры, а также и система воспитательно-образовательных мероприятий и учреждений в каком-либо государстве.
@geztaltlab",https://i.ytimg.com/vi/j1hq6xUp420/hqdefault.jpg,available
"Ilya Minin (Eli)",https://www.youtube.com/@elilab,UCHGQDGcefrKtPa1kgjX20xw,84,"geztålt – Ритуал для Большого Холодильника",https://www.youtube.com/watch?v=omNsIl61tlY,omNsIl61tlY,2022-10-24T12:59:17Z,01:15,113,"Холодильник - очень странное божество. 

Если вы задобрите его дух, ваша душа больше не голодает. А если не пожалуетесь на еду и получите щедрый дар - он больше не будет вас грызть.",https://i.ytimg.com/vi/omNsIl61tlY/hqdefault.jpg,available
"Ilya Minin (Eli)",https://www.youtube.com/@elilab,UCHGQDGcefrKtPa1kgjX20xw,85,"Evocation Turtur — The Great Turtle Summoning Ritual",https://www.youtube.com/watch?v=4Z-8Cek0qP4,4Z-8Cek0qP4,2022-09-29T21:45:59Z,44:40,812,"Москва, 28.07.2022

Смогут ли трое смертных, отправившихся на поиски простой идеи и располагающих новейшими технологиями, выстоять перед натиском утраченного откровения и не отравиться естественным знанием подобно яду?

Главный Маг, ассистент и Симпосиарх вызовут дух Большой Черепахи, исполнят ритуал эвокации и задобрят духа щедрыми дарами.

Ритуал состоит из 9 этапов и вдохновлён трудами алхимиков “Герметического Корпуса”, Агриппы и компиляциями доктора Папюса. Мистерии музыки, танца, заклинания и визуальные эффекты, отсылающе к канонам Новой Эпохи, соединятся в единое гипнотическое полотно.

Большая Черепаха – мятежный дух Земли и древнего Океана. Будучи благосклонным, дарует людям спокойствие, мудрость и рассудительность. Но как и любое божество, Большая Черепаха может повести себя самым неожиданным образом!

00:00 — Вступление: Тишина и ожидание
13:20 — Проявление символов
21:00 — Голоса и призыв
38:50 — Завершение ритуала
——————————————
16+
Актеры: Юлия Баранюк, Илья Минин (Eli), Екатерина Власова",https://i.ytimg.com/vi/4Z-8Cek0qP4/hqdefault.jpg,available
"Ilya Minin (Eli)",https://www.youtube.com/@elilab,UCHGQDGcefrKtPa1kgjX20xw,86,"Who is Vova Lilo  The Myth of a Man — Mockumentary",https://www.youtube.com/watch?v=uYuEx85d8s0,uYuEx85d8s0,2022-08-30T09:14:41Z,07:59,226,"""Кто такой Вова Лило? Человек-миф, которого никто не видел, но о котором знают все.""

In this mockumentary, Ilya Minin (Eli) investigates the phenomenon of one of the most mysterious figures of the St. Petersburg underground. Wife-mushroom, an avoska bag full of potatoes, traces leading nowhere — fragments of testimony gradually construct the image of a person who may exist somewhere between reality, rumour and urban legend.

The film explores elusive reality and the mechanisms through which contemporary myths are created. Rather than providing a definitive answer, the investigation becomes a story about collective memory, underground culture, absurdity and the desire to believe that the legend is real.

00:00 — Who is Vova Lilo? (Introduction)
01:15 — First testimonies and legends
02:40 — The mystery of the avoska bag with potatoes
04:10 — Where to look for Lilo: St. Petersburg courtyards
05:50 — The mushroom wife and other strange details
07:20 — Finale: Was Vova ever real?

PARAZIT ART GROUP",https://i.ytimg.com/vi/uYuEx85d8s0/hqdefault.jpg,available
"Ilya Minin (Eli)",https://www.youtube.com/@elilab,UCHGQDGcefrKtPa1kgjX20xw,87,"W — Experimental Video Collage | Ilya Minin (Eli)",https://www.youtube.com/watch?v=5YdNlRgHuuk,5YdNlRgHuuk,2022-07-06T10:00:03Z,02:18,80,"Video collage piece from early studies

Ilya Minin (Eli) - Videoart
All archive materials taken from https://web.archive.org/

If you find yourself immersed, please like, comment, and share to support this creative journey.
Subscribe for more original multimedia art and experimental animations.

👇 Connect with me on social media for more insights and exclusive content:
Instagram: https://www.instagram.com/eli_lab_official/
Telegram: https://t.me/ilyaminineli

#digitalart #experimentalanimation #sounddesign #eli_lab #contemporaryart #audiovisualart #CGart #avantgarde",https://i.ytimg.com/vi/5YdNlRgHuuk/hqdefault.jpg,available
"Ilya Minin (Eli)",https://www.youtube.com/@elilab,UCHGQDGcefrKtPa1kgjX20xw,88,"4 июля 2022 г.",https://www.youtube.com/watch?v=SzK9wA1_RqU,SzK9wA1_RqU,2022-07-04T13:52:08Z,00:48,362,,https://i.ytimg.com/vi/SzK9wA1_RqU/hqdefault.jpg,available
"Ilya Minin (Eli)",https://www.youtube.com/@elilab,UCHGQDGcefrKtPa1kgjX20xw,89,"1 — Experimental Video Study | Ilya Minin (Eli)",https://www.youtube.com/watch?v=4iDHaZ6RXg4,4iDHaZ6RXg4,2022-07-04T13:39:12Z,03:16,88,1_01,https://i.ytimg.com/vi/4iDHaZ6RXg4/hqdefault.jpg,available
"Ilya Minin (Eli)",https://www.youtube.com/@elilab,UCHGQDGcefrKtPa1kgjX20xw,90,"С днём рождения, Артём!",https://www.youtube.com/watch?v=xM8jVXDDoa8,xM8jVXDDoa8,2022-05-20T16:57:40Z,08:17,61,"Легендарная вечеринка на 211 этаже RAVD Tower. Этот день рождения — не просто праздник, а часть истории нашего комьюнити.

📍 Location: RAVD Tower, Floor 211. 🎂 Hero of the day: Артём.

00:00 — Путь к RAVD Tower
01:45 — Подъём на 211 этаж
03:20 — Атмосфера праздника и первые гости
04:50 — Главный герой: Поздравляем Артёма!
06:15 — Вид на ночной город / Кульминация вечера
08:02 — Финал: Что осталось за кадром",https://i.ytimg.com/vi/xM8jVXDDoa8/hqdefault.jpg,available
"Ilya Minin (Eli)",https://www.youtube.com/@elilab,UCHGQDGcefrKtPa1kgjX20xw,91,"Весенняя Сказка",https://www.youtube.com/watch?v=xTysVDBJwpE,xTysVDBJwpE,2022-04-11T14:49:28Z,01:33,117,"Eli 2022",https://i.ytimg.com/vi/xTysVDBJwpE/hqdefault.jpg,available
"Ilya Minin (Eli)",https://www.youtube.com/@elilab,UCHGQDGcefrKtPa1kgjX20xw,92,"Эффект Кулешовой",https://www.youtube.com/watch?v=XKdVkUc8q80,XKdVkUc8q80,2022-03-17T09:36:25Z,03:32,238,"""Варвара рисует картину и внезапно слышит скрип позади себя...""

Видеоарт Варвары Кулешовой и Ильи Минина (Eli) использует передовые методы видеомонтажа в интересах создания художественного образа «вселенского сгустка, в который сливаются все смыслы и смыслы», бунтующего бессознательного, рождающегося во снах. 

Для того чтобы подчеркнуть острую и напряженную борьбу человека с хаосом, коммуникационные возможности видео позволяют избежать потери визуальной энергии при использовании технологий, характерных для кино. 
Таким образом, достигается своеобразная «слияние» природы и искусства, что побуждает зрителя внимательно следить за ходом монтажа. 

В фильме представлен целый поток мнемонической информации, под воздействием которой меняется мировосприятие героя. Особенность видео – демонстрация визуальных и речевых галлюцинаций в качестве важного средства борьбы с хаосом, порождаемым и управляющим жизнью. Кроме того, этот же язык способствует выявлению новых смыслов благодаря технике жесткого монтажа.

Использование суггестивного языка, подчеркивающего опасность нестабильности психики в любой момент, делает картину серьезной по содержанию и открывает доступ к скрытым смыслам. 


Видео снято в Фонде СФЕРА в ходе работы Варвары над выставкой «Дихотомическое мышление, диссонансы, колебания внутреннего мира людей искусства».",https://i.ytimg.com/vi/XKdVkUc8q80/hqdefault.jpg,available
"Ilya Minin (Eli)",https://www.youtube.com/@elilab,UCHGQDGcefrKtPa1kgjX20xw,93,Почтальон,https://www.youtube.com/watch?v=iegoR8KeFcc,iegoR8KeFcc,2022-02-15T19:58:26Z,01:24,128,"Почтальон
Почтальон
Почтальон
Почтальон
Почтальон
Почтальон
Почтальон
Почтальон
Почтальон
Почтальон
Почтальон
Почтальон
Почтальон
Почтальон
Почтальон
Почтальон
Почтальон
Почтальон
Почтальон
Почтальон
Почтальон
Почтальон
Почтальон
Почтальон
Почтальон
Почтальон
Почтальон
Почтальон
Почтальон
Почтальон
Почтальон
Почтальон
Почтальон
Почтальон
Почтальон
Почтальон
Почтальон
Почтальон
Почтальон
Почтальон
Почтальон
Почтальон
Почтальон
Почтальон
Почтальон
Почтальон
Почтальон
Почтальон
Почтальон
Почтальон
Почтальон
Почтальон
Почтальон
Почтальон
Почтальон
Почтальон
Почтальон
Почтальон
Почтальон
Почтальон
Почтальон
Почтальон
Почтальон
Почтальон
Почтальон
Почтальон
Почтальон
Почтальон
Почтальон
Почтальон
Почтальон
Почтальон
Почтальон
Почтальон
Почтальон
Почтальон
Почтальон
Почтальон
Почтальон
Почтальон
Почтальон
Почтальон
Почтальон
Почтальон
Почтальон
Почтальон
Почтальон
Почтальон
Почтальон
Почтальон
Почтальон
Почтальон
Почтальон
Почтальон
Почтальон
Почтальон
Почтальон
Почтальон
Почтальон
Почтальон
Почтальон
Почтальон
Почтальон
Почтальон
Почтальон
Почтальон
Почтальон
Почтальон
Почтальон
Почтальон
Почтальон
Почтальон
Почтальон
Почтальон
Почтальон
Почтальон
Почтальон
Почтальон
Почтальон
Почтальон
Почтальон
Почтальон
Почтальон
Почтальон
Почтальон
Почтальон
Почтальон
Почтальон
Почтальон
Почтальон
Почтальон
Почтальон
Почтальон
Почтальон
Почтальон",https://i.ytimg.com/vi/iegoR8KeFcc/hqdefault.jpg,available
"Ilya Minin (Eli)",https://www.youtube.com/@elilab,UCHGQDGcefrKtPa1kgjX20xw,94,"Trurly Fierndship (Official Video)",https://www.youtube.com/watch?v=B610CDVHkJY,B610CDVHkJY,2022-01-27T15:28:12Z,02:54,58,"#officialmusicvideo #frienship #geztaltlab
🔥🎶🔥🎶🔥🎶🔥🎶🔥🎶🔥🎶🔥🎶🔥🎶🔥🎶🔥🎶🔥🎶🔥🎶🔥🎶🔥🎶🔥🎶🔥🎶🔥

Friendship is a delicate matter, involving the choice of a companion to share the journey of life, which can often lead to moments of confusion and misunderstanding. Those who truly understand us may not always see our quirks in the same way, yet they choose to remain by our side. In the complex dynamics of friendship, there is laughter, there is tears, and there are times when we may find ourselves in disagreement, all while attempting to appear in control. It is perhaps in embracing these paradoxes that we find the true essence of our humanity.

Follow Eli:
Instagram: @magnetic_demon",https://i.ytimg.com/vi/B610CDVHkJY/hqdefault.jpg,available
"Ilya Minin (Eli)",https://www.youtube.com/@elilab,UCHGQDGcefrKtPa1kgjX20xw,95,Afterparty,https://www.youtube.com/watch?v=3VlOyJrGz9I,3VlOyJrGz9I,2022-01-18T07:21:00Z,04:50,63,"""Исцеление"" – один из уникальных фильмов Чаплина, с нестандартной для него на тот момент тематикой. Единственный фильм, где Чаплин играет не очередного бродягу ""Голос Бедности"", а состоятельного господина, страдающего алкоголизмом.

Съёмки фильма проходили без сценария, экранные события и трюки придумывались прямо по ходу съёмок. Эпизодические персонажи становятся главными, персонаж Эрика Кэмпелла меняется на ходу, трансформируясь из миролюбивого подагрика в похотливого антагониста. Единственное, что оставалось прежним — действие происходящее на курорте с лечебным источником.
Что примечательно, Чаплин долго не мог определиться кого точно сыграет: мелкого служащего, посетителя или вообще второстепенного антагониста.

Большое количество сцен не вошло в фильм, в архивах лежат дубли которые меняют изначальную концепцию в точности да наоборот. До сих пор непонятно, каким фильм мог выйти на релизе из-за бесконечных перемонтажей и высасывания нарратива фактически из пальца.

Это моя попытка перемонтировать фильм, изменив идею до неузнаваемости, поменяв персонажей местами и придать событиям совсем другие подтексты.
Возможно, в параллельной вселенной, это один из вариантов монтажа, который и задумывал Чаплин.",https://i.ytimg.com/vi/3VlOyJrGz9I/hqdefault.jpg,available
"Ilya Minin (Eli)",https://www.youtube.com/@elilab,UCHGQDGcefrKtPa1kgjX20xw,96,"Баронъ — Experimental Film / Digital Folklore | Ilya Minin (Eli)",https://www.youtube.com/watch?v=JchqmZXJ6vQ,JchqmZXJ6vQ,2022-01-07T18:59:25Z,07:49,47,,https://i.ytimg.com/vi/JchqmZXJ6vQ/hqdefault.jpg,available
"Ilya Minin (Eli)",https://www.youtube.com/@elilab,UCHGQDGcefrKtPa1kgjX20xw,97,"Бессоница — Experimental Video / Digital Folklore | Ilya Minin (Eli)",https://www.youtube.com/watch?v=C3VIPDPRKlg,C3VIPDPRKlg,2022-01-05T21:49:02Z,06:56,37,"Бессоница – одно из самых страшных проклятий. Это зловещее проявление полной одержимости злом, надвигающееся на наш мир из черных глубин и вызывающее невероятную депрессию. Считается, что это проклятие распространено среди ведьм и различных колдунов. Но определить его источник не представляется возможным. Разновидностей бессоницы много. Это заболевание может быть спровоцировано переутомлением, чрезмерной активностью, просмотром телевизора, алкоголем и курением. Особое место среди бессониц занимает так называемый «русский синдром» – это чрезвычайно загадочное и опасное психическое заболевание.",https://i.ytimg.com/vi/C3VIPDPRKlg/hqdefault.jpg,available
"Ilya Minin (Eli)",https://www.youtube.com/@elilab,UCHGQDGcefrKtPa1kgjX20xw,98,"Зимняя Сказка",https://www.youtube.com/watch?v=P-SJO5ZmFTo,P-SJO5ZmFTo,2021-12-06T21:50:16Z,01:33,131,"Eli 2021",https://i.ytimg.com/vi/P-SJO5ZmFTo/hqdefault.jpg,available
"Ilya Minin (Eli)",https://www.youtube.com/@elilab,UCHGQDGcefrKtPa1kgjX20xw,99,"Убить Нози",https://www.youtube.com/watch?v=6I0punPLvZE,6I0punPLvZE,2021-11-11T07:44:11Z,04:42,187,,https://i.ytimg.com/vi/6I0punPLvZE/hqdefault.jpg,available
"Ilya Minin (Eli)",https://www.youtube.com/@elilab,UCHGQDGcefrKtPa1kgjX20xw,100,"GEZTÅLT - Fight With Demon",https://www.youtube.com/watch?v=55Hi5qjUAto,55Hi5qjUAto,2020-06-11T08:11:43Z,02:21,117,"I'm scared",https://i.ytimg.com/vi/55Hi5qjUAto/hqdefault.jpg,available
"Ilya Minin (Eli)",https://www.youtube.com/@elilab,UCHGQDGcefrKtPa1kgjX20xw,101,"elias adams - coryx tetraque",https://www.youtube.com/watch?v=oNOWJwHAuuo,oNOWJwHAuuo,2020-05-22T09:45:15Z,02:47,165,,https://i.ytimg.com/vi/oNOWJwHAuuo/hqdefault.jpg,available
"Ilya Minin (Eli)",https://www.youtube.com/@elilab,UCHGQDGcefrKtPa1kgjX20xw,102,"Восстание Хлопка",https://www.youtube.com/watch?v=yb2z2YfJYy8,yb2z2YfJYy8,2020-04-25T13:45:05Z,00:22,379,"Восста́ние Хлопка́ — принятое в советской историографии и сохраняющееся до настоящего времени обозначение массового бандитизма и разбоя, ставших следствием великого голода 1601—1603 годов в начале Смутного времени. Среди множества действовавших в то время разбойничьих отрядов наиболее крупным, действовавшем у самой Москвы, был отряд атамана Хлопка Косолапа, по имени которого и было названо явление.

Основу восставших составляли холопы, сбежавшие из усадеб по причине великого голода 1601—1603 годов, поскольку их хозяева отказывались кормить их, но при этом надеялись по окончании голода предъявить на них права. Из документов того времени, однако, известно, что промышлявшие разбоем получали активную поддержку крестьянского населения, что затрудняло борьбу с подобными отрядами. При этом правительственные документы не указывают на политический характер восстания — участники холопского движения называются в них «разбойниками» (уголовными преступниками), а не «ворами» (политическими преступниками). «Разбойники» не пытались установить контроль над теми или иными городами и крепостями. Целью отряда Хлопка и иных подобных им был не захват власти, а добыча средств к существованию ставшими привычными в условиях голода способами.

Восстание охватило многие уезды запада, центра и юга Русского государства, но особенно сложным положение было в западных районах страны, где, с одной стороны, при невысокой естественной урожайности были наиболее тяжёлыми последствия массового голода, с другой — проходили торговые пути, связывающие Россию с Польшей и Швецией. Известен т. н. «Бельский наказ» Разбойного приказа, в котором описаны полномочия направляемых из Москвы для борьбы с разбоями уполномоченных. Для борьбы с преступностью предполагалось опираться на местные силы и помощь сельских старост, а дворянское ополчение к поимке восставших не привлекать. Принятые меры существенно не изменили ситуацию.

В августе 1603 года из Москвы в западном направлении для уничтожения отряда Хлопка, численность которого доходила до 600 человек, был отправлен отряд из 100 стрельцов под начальством окольничего И. Ф. Басманова. Однако в середине сентября правительственные войска попали в засаду, устроенную мятежниками. В ходе боя Иван Басманов был убит, однако стрельцам удалось одержать победу над восставшими холопами и пленить раненого Хлопка Косолапа, который вскоре был казнён.

С уничтожением отряда Хлопка массовые разбои и грабежи в Русском государстве не прекратились, часть холопов бежала на юг, где затем участвовала в восстании Болотникова и других событиях Смуты. По указу царя Бориса Годунова было проведено тщательное расследование обстоятельств восстания, поскольку среди восставших находились слуги опальных бояр.

Примечания",https://i.ytimg.com/vi/yb2z2YfJYy8/hqdefault.jpg,available
"Ilya Minin (Eli)",https://www.youtube.com/@elilab,UCHGQDGcefrKtPa1kgjX20xw,103,"Found Tape",https://www.youtube.com/watch?v=w5zqAkpGa_c,w5zqAkpGa_c,2020-04-22T09:35:01Z,04:24,30,"Смертоносная видеокассета - зелёная видеокассета, найденная в заброшенном загородном доме. На обороте написано, что она содержит проклятие, убивающее всех, кто её посмотрит, через 777 дней.",https://i.ytimg.com/vi/w5zqAkpGa_c/hqdefault.jpg,available
"Ilya Minin (Eli)",https://www.youtube.com/@elilab,UCHGQDGcefrKtPa1kgjX20xw,104,"elias adams -- estetish tape (single)",https://www.youtube.com/watch?v=cKYk2ivIVfE,cKYk2ivIVfE,2020-04-10T12:01:09Z,06:36,284,"Кошмары нашего прошлого. Вспомни свой 96-й!

Lab.ADAMS MACHINE - 2020
#sampling #hauntology #tapemixing #gallerave #minimalism",https://i.ytimg.com/vi/cKYk2ivIVfE/hqdefault.jpg,available
"Ilya Minin (Eli)",https://www.youtube.com/@elilab,UCHGQDGcefrKtPa1kgjX20xw,105,"Доширачный вор 2",https://www.youtube.com/watch?v=zLqJ2I8nlPg,zLqJ2I8nlPg,2020-04-09T12:24:40Z,02:41,86,"«Доширак» — торговая марка продуктов быстрого приготовления, продающихся в России и ряде стран СНГ, а также Латвии. Название происходит от кор. 도시락 (читается как «тосирак» и обозначает «рис в коробке» (на завтрак). Выпускается компанией «Корея Якулт» (с 2012 — отделившейся от неё компанией Палдо.). В России производством продуктов под маркой «Доширак» занимаются ООО «Доширак Коя» и ООО «Доширак Рязань», дистрибуцией — ООО «Доширак Рус». Лапша быстрого приготовления (ЛБП) марки «Доширак» с конца 1990-х годов являлась лидером продаж в сегменте лапши быстрого приготовления на российском рынке, лишь в 2014 году уступив лапше под торговой маркой «Роллтон».",https://i.ytimg.com/vi/zLqJ2I8nlPg/hqdefault.jpg,available
"Ilya Minin (Eli)",https://www.youtube.com/@elilab,UCHGQDGcefrKtPa1kgjX20xw,106,"↹➑∑∷ᆰ⇝ tensh1",https://www.youtube.com/watch?v=-0PSfYzfCto,'-0PSfYzfCto,2020-03-21T21:05:19Z,00:23,71,"Countdown 9",https://i.ytimg.com/vi/-0PSfYzfCto/hqdefault.jpg,available
"Ilya Minin (Eli)",https://www.youtube.com/@elilab,UCHGQDGcefrKtPa1kgjX20xw,107,"elias adams -- balance 2020",https://www.youtube.com/watch?v=WZVXwfq9-GM,WZVXwfq9-GM,2020-03-21T01:30:13Z,30:01,80,"LP: balance
label: BEZDNA - 2020

Чувствуйте себя как дома!
Вконтакте - https://vk.com/idminish
Почта - photocakelink@gmail.com

photo and music by elias adams
#experimental #ambient #drone #techno #post_genre #noise #soundart #leftfield #field_recordings",https://i.ytimg.com/vi/WZVXwfq9-GM/hqdefault.jpg,available
"Ilya Minin (Eli)",https://www.youtube.com/@elilab,UCHGQDGcefrKtPa1kgjX20xw,108,"elias adams -- receiver (2019)",https://www.youtube.com/watch?v=Z85lawGhz7c,Z85lawGhz7c,2019-08-17T17:43:58Z,05:45,90,"Patanormal

label: Lab ADAMS MACHINE 2019
clip: PIKE STUDIO
Released on iTunes, Deezer, Spotify, Amazon, Google Play",https://i.ytimg.com/vi/Z85lawGhz7c/hqdefault.jpg,available
"Ilya Minin (Eli)",https://www.youtube.com/@elilab,UCHGQDGcefrKtPa1kgjX20xw,109,"nature (2019) — Experimental Video Art / Haiku Structure | Ilya Minin (Eli)",https://www.youtube.com/watch?v=zHZmUDA9Yao,zHZmUDA9Yao,2019-07-01T18:50:00Z,12:00,"1,012","Данный видеоарт имеет структуру японского хайку, с некоторыми незначительными изменениями, и призван передать морфологию японской поэзии хайку на видео.

В классическом хайку при переводе на другие языки оно делится на три строчки. Тут же оно делится на три абзаца и каждый абзац – равновесомый.
Центральное место занимает природный образ, явно или неявно соотнесённый с жизнью человека.
Хайку пишут только в настоящем времени: автор записывает свои непосредственные впечатления от только что увиденного или услышанного. Сказать много, используя лишь немного слов, — главный принцип
хайку.

Здесь же каждый ""абзац"", подобно хайку, выстроен с подобной геометрией.
Первая часть это как героиня ""очнулась"" от технологизированного мира, вторая часть – это переход, а третья – заключение, как героиня вошла в мир природы и ""растворилась в нём"".
Так или иначе, главное – это создать переход между двумя частями, а также добиться углубления смысла добавлением, так называемого, «внутреннего сравнения». 

Успешное создание такой структуры из двух частей – одна из самых сложных задач при составлении хайку. Ведь, для этого необходимо не только избегать слишком очевидных, банальных переходов, но также и не сделать этот переход совершенно неопределённым.",https://i.ytimg.com/vi/zHZmUDA9Yao/hqdefault.jpg,available
"Ilya Minin (Eli)",https://www.youtube.com/@elilab,UCHGQDGcefrKtPa1kgjX20xw,110,"REBIRTH — Experimental CGI Film | ELIAS ADAMS",https://www.youtube.com/watch?v=sFDSXxvOOHw,sFDSXxvOOHw,2019-03-15T16:57:45Z,20:43,150,"Дебютный короткий метр музыканта ELIAS ADAMS.
«REBIRTH» — это визуальное исследование цикла трансформации. Через абстрактные формы и цифровую эстетику работа погружает в процесс разрушения старого и возникновения новой структуры сознания.
Притча о фетишизме, перерождении человека в новый реверсивный мир и стремлении проникнуть в духовный круг больного разумом существа, познать его извращение, посадить разврат и овладеть им.
Приятного просмотра.

0:00 — The Void (Пустота)
0:25 — Fragmentation (Разрушение формы)
0:45 — The New Core (Ядро новой жизни)
1:05 — Completion (Завершение цикла)

Art & Motion: Ilya Minin (Eli)",https://i.ytimg.com/vi/sFDSXxvOOHw/hqdefault.jpg,available
"Ilya Minin (Eli)",https://www.youtube.com/@elilab,UCHGQDGcefrKtPa1kgjX20xw,111,"elias adams -- arctic (2019)",https://www.youtube.com/watch?v=QR332-HNIPU,QR332-HNIPU,2019-03-12T18:33:36Z,13:16,107,"Music and video sequence inspired by new-age style musical DVDs and videotapes filled with nonexistent worlds of ideal shapes, bizarre old-fashioned graphic effect and bright-faded colors. Music has flowing temperate composition using traditional surrounding synths, ambient guitars and experimental harmonies.

https://vk.com/eliasadams
#eli #newage #",https://i.ytimg.com/vi/QR332-HNIPU/hqdefault.jpg,available
"Ilya Minin (Eli)",https://www.youtube.com/@elilab,UCHGQDGcefrKtPa1kgjX20xw,112,"FRR — ELIAS ADAMS / Experimental Audiovisual Work",https://www.youtube.com/watch?v=nWsUhtZun9g,nWsUhtZun9g,2019-03-12T18:27:25Z,04:04,57,"ELIAS ADAMS - FRR
.
Чувствуйте себя как дома! 
Подпишитесь на меня:
Гугл - https://plus.google.com/1085510159276...
Вконтакте - https://vk.com/idminish
Книга-лицо - https://www.facebook.com/elias.consta...
Моя почта - https://passport.yandex.ru/profile
Галактикка - https://galactikka.com/106216
.
Добавляю всех! Не стесняйтесь - отвечаю на все вопросы!
.
Если вы вдруг захотите поддержать меня материально, то можете кинуть монетку - от этого канал станет только круче!
QIWI Wallet +7915224353",https://i.ytimg.com/vi/nWsUhtZun9g/hqdefault.jpg,available
"Ilya Minin (Eli)",https://www.youtube.com/@elilab,UCHGQDGcefrKtPa1kgjX20xw,113,"PTICESS — ELIAS ADAMS / Experimental Video Work",https://www.youtube.com/watch?v=Vs-0XkFOY_c,Vs-0XkFOY_c,2019-03-12T18:23:48Z,13:41,57,"ELIAS ADAMS - PTICESS
.
Чувствуйте себя как дома! 
Подпишитесь на меня:
Гугл - https://plus.google.com/1085510159276...
Вконтакте - https://vk.com/idminish
Книга-лицо - https://www.facebook.com/elias.consta...
Моя почта - https://passport.yandex.ru/profile
Галактикка - https://galactikka.com/106216
.
Добавляю всех! Не стесняйтесь - отвечаю на все вопросы!
.
Если вы вдруг захотите поддержать меня материально, то можете кинуть монетку - от этого канал станет только круче!
QIWI Wallet +7915224353",https://i.ytimg.com/vi/Vs-0XkFOY_c/hqdefault.jpg,available
"Ilya Minin (Eli)",https://www.youtube.com/@elilab,UCHGQDGcefrKtPa1kgjX20xw,114,"Jak przygotować grzyby",https://www.youtube.com/watch?v=RRhBiiKcAIE,RRhBiiKcAIE,2019-03-12T18:20:39Z,07:16,46,"Niesamowita Szkoła Pana Magnesa - Jak przygotować grzyby
.
Чувствуйте себя как дома! 
Подпишитесь на меня:
Гугл - https://plus.google.com/1085510159276...
Вконтакте - https://vk.com/idminish
Книга-лицо - https://www.facebook.com/elias.consta...
Моя почта - https://passport.yandex.ru/profile
Галактикка - https://galactikka.com/106216
.
Добавляю всех! Не стесняйтесь - отвечаю на все вопросы!
.
Если вы вдруг захотите поддержать меня материально, то можете кинуть монетку - от этого канал станет только круче!
QIWI Wallet +7915224353",https://i.ytimg.com/vi/RRhBiiKcAIE/hqdefault.jpg,available
"Ilya Minin (Eli)",https://www.youtube.com/@elilab,UCHGQDGcefrKtPa1kgjX20xw,115,"DVAR БЫЛ ВПЕРВЫЕ НАРИСОВАН!",https://www.youtube.com/watch?v=LKpVG9MCpA8,LKpVG9MCpA8,2019-01-27T19:45:23Z,02:45,675,".
Чувствуйте себя как дома! 
Подпишитесь на меня:
Гугл - https://plus.google.com/1085510159276...
Вконтакте - https://vk.com/idminish
Книга-лицо - https://www.facebook.com/elias.consta...
Моя почта - https://passport.yandex.ru/profile
Галактикка - https://galactikka.com/106216
.
Добавляю всех! Не стесняйтесь - отвечаю на все вопросы!
.
Если вы вдруг захотите поддержать меня материально, то можете кинуть монетку - от этого канал станет только круче!
QIWI Wallet +7915224353",https://i.ytimg.com/vi/LKpVG9MCpA8/hqdefault.jpg,available
"Ilya Minin (Eli)",https://www.youtube.com/@elilab,UCHGQDGcefrKtPa1kgjX20xw,116,"АСМР НАГГЕТСЫ",https://www.youtube.com/watch?v=kzXCImPNeTk,kzXCImPNeTk,2018-11-13T13:29:22Z,00:00,0,".
Чувствуйте себя как дома! 
Подпишитесь на меня:
Гугл - https://plus.google.com/1085510159276...
Вконтакте - https://vk.com/idminish
Книга-лицо - https://www.facebook.com/elias.consta...
Моя почта - https://passport.yandex.ru/profile
Галактикка - https://galactikka.com/106216
.
Добавляю всех! Не стесняйтесь - отвечаю на все вопросы!
.
Если вы вдруг захотите поддержать меня материально, то можете кинуть монетку - от этого канал станет только круче!
QIWI Wallet +7915224353",https://i.ytimg.com/vi/kzXCImPNeTk/hqdefault_live.jpg,available
"Ilya Minin (Eli)",https://www.youtube.com/@elilab,UCHGQDGcefrKtPa1kgjX20xw,117,"EYES SEQUE HUFEURONEDHU EH VUHEJBRBVL 4234523534",https://www.youtube.com/watch?v=3oamvbU_wmE,3oamvbU_wmE,2018-09-29T22:42:20Z,14:17,55,"H7878Y87H7874FN4N3  8F4B8483 87B437F 8 7 4F78483 8 438
.
Чувствуйте себя как дома! 
Подпишитесь на меня:
Гугл - https://plus.google.com/1085510159276...
Вконтакте - https://vk.com/idminish
Книга-лицо - https://www.facebook.com/elias.consta...
Моя почта - https://passport.yandex.ru/profile
Галактикка - https://galactikka.com/106216
.
Добавляю всех! Не стесняйтесь - отвечаю на все вопросы!
.
Если вы вдруг захотите поддержать меня материально, то можете кинуть монетку - от этого канал станет только круче!
QIWI Wallet +7915224353",https://i.ytimg.com/vi/3oamvbU_wmE/hqdefault.jpg,available
"Ilya Minin (Eli)",https://www.youtube.com/@elilab,UCHGQDGcefrKtPa1kgjX20xw,118,"Magnetic Demon - cclhxn1",https://www.youtube.com/watch?v=lq6aIPjuTcw,lq6aIPjuTcw,2018-09-29T21:21:30Z,05:10,77,"Magnetic Demon - cclhxn1
.
Чувствуйте себя как дома! 
Подпишитесь на меня:
Гугл - https://plus.google.com/1085510159276...
Вконтакте - https://vk.com/idminish
Книга-лицо - https://www.facebook.com/elias.consta...
Моя почта - https://passport.yandex.ru/profile
Галактикка - https://galactikka.com/106216
.
Добавляю всех! Не стесняйтесь - отвечаю на все вопросы!
.
Если вы вдруг захотите поддержать меня материально, то можете кинуть монетку - от этого канал станет только круче!
QIWI Wallet +7915224353",https://i.ytimg.com/vi/lq6aIPjuTcw/hqdefault.jpg,available
"Ilya Minin (Eli)",https://www.youtube.com/@elilab,UCHGQDGcefrKtPa1kgjX20xw,119,"Micen - Завтрак",https://www.youtube.com/watch?v=GdSdsJz1VAc,GdSdsJz1VAc,2018-07-05T19:10:35Z,07:17,72,"Artist: Micen 
Album: Завтрак (Single) 
Label: BAOS 
Released: 05:07:2018 
Genre Tags: #ambient #vocal #experimental #analog 
Country: Moscow

Tracklisting: 
01. Завтрак[07:16] 

BAOS © 2016-2018 - https://vk.com/eliasadams
.
Чувствуйте себя как дома! 
Подпишитесь на меня:
Гугл - https://plus.google.com/1085510159276...
Вконтакте - https://vk.com/idminish
Книга-лицо - https://www.facebook.com/elias.consta...
Моя почта - https://passport.yandex.ru/profile
Галактикка - https://galactikka.com/106216
.
Добавляю всех! Не стесняйтесь - отвечаю на все вопросы!
.
Если вы вдруг захотите поддержать меня материально, то можете кинуть монетку - от этого канал станет только круче!
QIWI Wallet +7915224353",https://i.ytimg.com/vi/GdSdsJz1VAc/hqdefault.jpg,available
"Ilya Minin (Eli)",https://www.youtube.com/@elilab,UCHGQDGcefrKtPa1kgjX20xw,120,"35 — ELIAS ADAMS / Experimental Ambient Film (2018)",https://www.youtube.com/watch?v=qn902QYS6ik,qn902QYS6ik,2018-07-02T21:30:36Z,03:35,33,"Artist: ELIAS ADAMS
Album: R11Я
Label: BAOS
Released: 03:07:2018
Genre Tags: #ambient #experimental #analog
Country: Helsingborg

Tracklisting:
01. 35 [03:34]

BAOS © 2016-2018 - https://vk.com/eliasadams
.
Чувствуйте себя как дома! 
Подпишитесь на меня:
Гугл - https://plus.google.com/1085510159276...
Вконтакте - https://vk.com/idminish
Книга-лицо - https://www.facebook.com/elias.consta...
Моя почта - https://passport.yandex.ru/profile
Галактикка - https://galactikka.com/106216
.
Добавляю всех! Не стесняйтесь - отвечаю на все вопросы!
.
Если вы вдруг захотите поддержать меня материально, то можете кинуть монетку - от этого канал станет только круче!
QIWI Wallet +7915224353",https://i.ytimg.com/vi/qn902QYS6ik/hqdefault.jpg,available
"Ilya Minin (Eli)",https://www.youtube.com/@elilab,UCHGQDGcefrKtPa1kgjX20xw,121,"HEHD (High End Hard Dead)",https://www.youtube.com/watch?v=155inL5YMjI,155inL5YMjI,2018-07-02T20:39:07Z,06:55,27,"Artist: ELIAS ADAMS
Album: HEHD (The First Place For You)
Label: BAOS
Released: 02:07:2018
Genre Tags: #ambient #experimental #analog
Country: Helsingborg

Tracklisting:
01. HEHD (High End Hard Dead) [06:55]

BAOS © 2016-2018 - https://vk.com/eliasadams
.
Чувствуйте себя как дома! 
Подпишитесь на меня:
Гугл - https://plus.google.com/1085510159276...
Вконтакте - https://vk.com/idminish
Книга-лицо - https://www.facebook.com/elias.consta...
Моя почта - https://passport.yandex.ru/profile
Галактикка - https://galactikka.com/106216
.
Добавляю всех! Не стесняйтесь - отвечаю на все вопросы!
.
Если вы вдруг захотите поддержать меня материально, то можете кинуть монетку - от этого канал станет только круче!
QIWI Wallet +7915224353",https://i.ytimg.com/vi/155inL5YMjI/hqdefault.jpg,available
"Ilya Minin (Eli)",https://www.youtube.com/@elilab,UCHGQDGcefrKtPa1kgjX20xw,122,"elias adams -- m3adows (2018)",https://www.youtube.com/watch?v=m5F8hrWrmro,m5F8hrWrmro,2018-07-02T14:43:26Z,04:07,69,"m3adows (single) 
Released: 02:07:2018 
BAOS © 2016-2018, Helsingborg

https://vk.com/eliasadams
#eli #ambient #experimental #analog",https://i.ytimg.com/vi/m5F8hrWrmro/hqdefault.jpg,available
"Ilya Minin (Eli)",https://www.youtube.com/@elilab,UCHGQDGcefrKtPa1kgjX20xw,123,"ELIAS ADAMS - 1nsects (Single)",https://www.youtube.com/watch?v=ZmDWPp12Pak,ZmDWPp12Pak,2018-06-29T12:13:35Z,04:04,180,"Artist: ELIAS ADAMS
Album: 1nsects (Single)
Label: BAOS
Released: 29:06:2018 
Genre Tags: #ambient #experimental #analog
Country: Helsingborg

Tracklisting: 
01. 1nsects [4:03] 

BAOS © 2016-2018 - https://vk.com/eliasadams
.
Чувствуйте себя как дома! 
Подпишитесь на меня:
Гугл - https://plus.google.com/1085510159276...
Вконтакте - https://vk.com/idminish
Книга-лицо - https://www.facebook.com/elias.consta...
Моя почта - https://passport.yandex.ru/profile
Галактикка - https://galactikka.com/106216
.
Добавляю всех! Не стесняйтесь - отвечаю на все вопросы!
.
Если вы вдруг захотите поддержать меня материально, то можете кинуть монетку - от этого канал станет только круче!
QIWI Wallet +7915224353",https://i.ytimg.com/vi/ZmDWPp12Pak/hqdefault.jpg,available
"Ilya Minin (Eli)",https://www.youtube.com/@elilab,UCHGQDGcefrKtPa1kgjX20xw,124,"ELIAS ADAMS - Idiopathic (with age-dependent debut)",https://www.youtube.com/watch?v=_9U7qgEkcpA,_9U7qgEkcpA,2018-04-21T09:39:04Z,04:54,175,"▁ ▂ ▄ ▅ ▆ ▇ █ [ NEW RELEASE ] █ ▇ ▆ ▅ ▄ ▂ ▁

Artist: ELIAS ADAMS
Video: Idiopathic (with age-dependent debut) (Clip)
Not only label: Brain Activity in Order to the Sky
Released: 21:04:2018
Genre Tags: #ambient #power_electronics #noise #industrial #experimental #analog #lightwave
Country: Sweden, Helsingborg
Duration: pretty small

Videolisting:
01. Idiopathic (with age-dependent debut) [04:52]

Brain Activity in Order to the Sky © 2016-2018.
.
Чувствуйте себя как дома! 
Подпишитесь на меня:
Гугл - https://plus.google.com/1085510159276...
Вконтакте - https://vk.com/idminish
Книга-лицо - https://www.facebook.com/elias.consta...
Моя почта - https://passport.yandex.ru/profile
Галактикка - https://galactikka.com/106216
.
Добавляю всех! Не стесняйтесь - отвечаю на все вопросы!
.
Если вы вдруг захотите поддержать меня материально, то можете кинуть монетку - от этого канал станет только круче!
QIWI Wallet +7915224353",https://i.ytimg.com/vi/_9U7qgEkcpA/hqdefault.jpg,available
"Ilya Minin (Eli)",https://www.youtube.com/@elilab,UCHGQDGcefrKtPa1kgjX20xw,125,"ОБЗОР И РАСПАКОВКА СИНТЕЗАТОРА MUSCARINE 421N",https://www.youtube.com/watch?v=25iX75ntROo,25iX75ntROo,2018-04-21T09:26:29Z,11:40,285,"Большое спасибо Дане Chronic у и его KNOB TECH  за прекрасный аппарат!
https://tlerecords.bandcamp.com/track/idiopathic-with-age-dependent-debut - Трек, сделанный на Muscarine 421N
Моя группа - https://vk.com/eliasadams
Группа Дани - https://vk.com/knobtech
.
Чувствуйте себя как дома! 
Подпишитесь на меня:
Гугл - https://plus.google.com/1085510159276...
Вконтакте - https://vk.com/idminish
Книга-лицо - https://www.facebook.com/elias.consta...
Моя почта - https://passport.yandex.ru/profile
Галактикка - https://galactikka.com/106216
.
Добавляю всех! Не стесняйтесь - отвечаю на все вопросы!
.
Если вы вдруг захотите поддержать меня материально, то можете кинуть монетку - от этого канал станет только круче!
QIWI Wallet +7915224353",https://i.ytimg.com/vi/25iX75ntROo/hqdefault.jpg,available
"Ilya Minin (Eli)",https://www.youtube.com/@elilab,UCHGQDGcefrKtPa1kgjX20xw,126,"Творческий поиск для ELIAS ADAMS.",https://www.youtube.com/watch?v=OJjkh9s5bpw,OJjkh9s5bpw,2017-07-24T12:11:51Z,04:16,146,"Ну, как вы уже поняли, меня так долго не было на канале по причине того, что я готовлю очередной альбом для своего сольного проекта ELIAS ADAMS, так что в ближайшее время на канале будут чаще появляться весёлы е и не очень ролики про работу в ELIAS ADAMS и OSM, так что, обещаю, скучно не будет!
.
Чувствуйте себя как дома! 
Подпишитесь на меня:
Гугл - https://plus.google.com/1085510159276...
Вконтакте - https://vk.com/idminish
Книга-лицо - https://www.facebook.com/elias.consta...
Моя почта - https://passport.yandex.ru/profile
Галактикка - https://galactikka.com/106216
.
Добавляю всех! Не стесняйтесь - отвечаю на все вопросы!
.
Если вы вдруг захотите поддержать меня материально, то можете кинуть монетку - от этого канал станет только круче!
QIWI Wallet +7915224353",https://i.ytimg.com/vi/OJjkh9s5bpw/hqdefault.jpg,available
